Delta,A_SN,A_EP,A_Hopf,SN_to_EP,EP_to_Hopf,lambda_EP,lambda_other_EP,spectral_abscissa_EP,sv1_shifted,sv2_shifted,sv3_shifted,Omega_Hopf,residual_SN,residual_EP,residual_Hopf
0.0,0.17834090261620283,0.17845421487754975,0.2777754846476288,0.00011331226134692063,0.09932126977007905,-0.02276564261847015,-0.16318039587002148,-0.022765642618470153,0.2220833855287014,0.07962019188453197,2.5377528052560105e-17,0.18851873149039342,9.445215603067645e-19,3.469446951953614e-18,0.0
0.00025,0.178865775504429,0.17899244748139864,0.279852876145054,0.00012667197696963894,0.10086042866365535,-0.02315041281017862,-0.1630204374681612,-0.023150408659684815,0.22048854467359455,0.07883914961154004,1.4198859310177721e-16,0.18853754822850502,1.872959252968709e-17,1.1102230246251565e-16,1.1102230246251565e-16
0.0005,0.17939114816615212,0.17953264717526246,0.2819361311489104,0.00014149900911034075,0.10240348397364796,-0.02353178122327579,-0.16286021016001373,-0.02353178122327583,0.2188835681837158,0.07806152844809977,1.3071658234554974e-16,0.18854007832835315,1.1102230246251565e-16,2.220446049250313e-16,1.1102230246251565e-16
0.00075,0.17991702196879716,0.18007497337194506,0.28402536720667954,0.00015795140314789347,0.10395039383473448,-0.023909593482655873,-0.1626996100537273,-0.023909593482655936,0.21726826715726266,0.07728780808057666,1.389627260979662e-16,0.18852662746940776,2.2551405187698492e-17,5.551115123125783e-16,7.37257477290143e-18
0.001,0.18044339827930042,0.18061960298019653,0.2861206996643529,0.0001762047008961043,0.10550109668415636,-0.024283685462143986,-0.16253852398524585,-0.024283683364770204,0.21564245754506448,0.07651850289292902,3.831958853235412e-17,0.18849748827201512,1.1102230246251565e-16,1.1102230246251565e-16,1.474514954580286e-17
0.00125,0.1809702784641714,0.18116673240849818,0.28822224184546574,0.00019645394432676877,0.10705550943696757,-0.024653882651392376,-0.16237682875706097,-0.02465388255567445,0.21400596196695912,0.07575416386443182,1.1296840798154249e-18,0.18845294105302016,3.3306690738754696e-16,1.1102230246251565e-16,1.734723475976807e-18
0.0015,0.18149766388954872,0.18171657979385228,0.29033010521754815,0.00021891590430356267,0.10861352542369587,-0.025019999500641862,-0.16221439032476914,-0.025019999500641876,0.21235861182589377,0.07499538044487514,3.6665967683461154e-16,0.1883932545255988,3.3306690738754696e-16,3.3306690738754696e-16,5.204170427930421e-18
0.00175,0.18202555592125522,0.18226938747660226,0.2924443995471512,0.00024383155534704604,0.11017501207054892,-0.025381838748382825,-0.1620510629313477,-0.025381838748382818,0.21070024975859716,0.0742427823717492,2.715847062729411e-16,0.1883186864482812,3.3306690738754696e-16,3.3306690738754696e-16,1.1102230246251565e-16
0.002,0.18255395592486087,0.182825424742633,0.2945652330444324,0.0002714688177721247,0.11173980830179939,-0.025739190738805574,-0.16188668819022223,-0.025739190738805425,0.20903073246487017,0.0734970413854608,1.401779044973695e-16,0.18822948422757682,1.1102230246251565e-16,1.1102230246251565e-16,6.938893903907228e-17
0.0022500000000000003,0.1830828652657304,0.18338499085412127,0.2966927124982564,0.000302125588390878,0.11330772164413513,-0.026091832738152333,-0.1617210941197228,-0.0260918327381522,0.20734993396046458,0.07275887278886031,3.40688561650066e-16,0.1881258854781984,1.1102230246251565e-16,3.3306690738754696e-16,6.938893903907228e-18
0.0025,0.18361228530907472,0.18394841838885523,0.2988269434026105,0.000336133079780504,0.11487852501375528,-0.026439528261773353,-0.1615540941334587,-0.026439528261773183,0.20565774930073966,0.07202903678624915,5.609251377207672e-16,0.18800811854447938,1.1102230246251565e-16,2.220446049250313e-16,5.204170427930421e-18
0.00275,0.1841422174200183,0.18451607690610008,0.300968030075093,0.0003738594860817901,0.1164519531689929,-0.02678202642682277,-0.1613854859935859,-0.026782026426822512,0.20395409882370108,0.07130833952460748,6.721826915900424e-16,0.18787640298620892,1.1102230246251565e-16,1.1102230246251565e-16,9.063930161978817e-17
0.003,0.184672662963637,0.1850883769532311,0.3031160757681389,0.0004157139895941131,0.11802769881490782,-0.027119061349226405,-0.16121505073694287,-0.02711906134922608,0.20223893296081777,0.07059763374609963,7.630623015195579e-16,0.1877309500318129,1.1102230246251565e-16,2.220446049250313e-16,5.204170427930421e-18
0.0032500000000000003,0.18520362330501847,0.1856657744219816,0.305271182773613,0.0004621511169631276,0.11960540835163139,-0.02745035160774316,-0.16104255158769623,-0.02745035160774268,0.2005122376620102,0.06989781894624658,1.0423228326167295e-15,0.18757196300152412,1.1102230246251565e-16,1.1102230246251565e-16,1.0018028073766061e-16
0.0035,0.1857350998093194,0.1862487752552269,0.3074334525212879,0.0005136754459074966,0.121184677266061,-0.027775599802685152,-0.16086773287450407,-0.02777559980268449,0.19877404047631633,0.06920984091685135,1.3557252103621484e-15,0.1873996377029359,2.220446049250313e-16,1.1102230246251565e-16,1.1102230246251565e-16
0.00375,0.18626709384180168,0.18683794049466795,0.30960298567174716,0.0005708466528662748,0.1227650451770792,-0.028094492242039745,-0.1606903189753286,-0.02809449224203895,0.19702441732148157,0.06853469053747016,1.6545079377867203e-15,0.18721416280109776,1.1102230246251565e-16,5.551115123125783e-16,1.1102230246251565e-16
0.004,0.186799606767897,0.18743389164562804,0.31177988220414254,0.0006342848777310395,0.1243459905585145,-0.02840669879328805,-0.1605100133189258,-0.028406698793287093,0.19526349996284353,0.06787340166477733,2.050523029449585e-15,0.187015720165143,1.1102230246251565e-16,5.551115123125783e-16,1.1102230246251565e-16
0.00425,0.18733263995325028,0.18803731631721188,0.3139642414992291,0.0007046763639615983,0.1259269251820172,-0.028711872944901438,-0.16032649747863942,-0.028711872944900227,0.19349148420351536,0.06722704795681761,2.238806149409304e-15,0.1868044851932405,2.220446049250313e-16,4.440892098500626e-16,1.1102230246251565e-16
0.0045000000000000005,0.18786619476377062,0.18864897407366912,0.3161561624180667,0.000782779309898507,0.1275071883443976,-0.029009652127037957,-0.1601394304013353,-0.029009652127036392,0.19170863876287722,0.06659673846042054,2.5929457492131054e-15,0.18658062711748416,1.713039432527097e-16,2.220446049250313e-16,3.469446951953614e-18
0.00475,0.18840027256568323,0.1892697024056203,0.31835574337671513,0.0008694298399370692,0.12908604097109483,-0.029299658345941,-0.15994844782187606,-0.029299658345939096,0.18991531478766496,0.06598361178694113,3.1520676139998518e-15,0.18634430929023985,2.220446049250313e-16,2.220446049250313e-16,3.469446951953614e-18
0.005,0.18893487472557194,0.18990042269780744,0.32056308241725623,0.0009655479722354976,0.1306626597194488,-0.02958149919038606,-0.15975316192111289,-0.02958149919038375,0.18811195589869817,0.06538882870634116,3.714380124307326e-15,0.18609568945329383,3.3306690738754696e-16,4.440892098500626e-16,6.071532165918825e-18
