M,eta,lambda1_real,lambda1_imag,lambda2_real,lambda2_imag,discriminant,g,gcrit,R_B,bounded_margin,spectral_gap,invariance_residual,spectral_abscissa
5,0.12,-0.05006258292060746,0.0,-0.07028593417260091,0.0,0.00040898393586150637,-0.006526884735730981,0.012035207032656092,0.47672436979858046,-0.5454677504802926,0.04797936880441839,1.7323588541904474e-16,-0.05006258292060757
5,0.121,-0.05011554013824595,0.0,-0.07020655272128011,0.0,0.00040364878661163704,-0.006555493217107881,0.011995277736361784,0.4795631781458506,-0.5400383163333023,0.048103592397791994,2.2020477927383277e-16,-0.05011554013824592
5,0.122,-0.05016874123452779,0.0,-0.07012685208655317,0.0,0.00039832618878173347,-0.006584222522123214,0.011955481312614225,0.4824084997265954,-0.5345640787830708,0.048228301739763405,1.4687241594834067e-16,-0.050168741234527886
5,0.123,-0.0502221949108302,0.0,-0.07004682296501,0.0,0.00039301587748657285,-0.006613072074905021,0.01191581686832807,0.4852601228370607,-0.5290452263683215,0.0483535074731449,1.6201383709116164e-16,-0.05022219491083004
5,0.124,-0.050275910115264985,0.0,-0.06996645582131061,0.0,0.0003877175902018723,-0.0066420413029081955,0.01187628351884572,0.4881178338435831,-0.5234819605676964,0.048479220463632136,2.540833358282155e-16,-0.05027591011526492
5,0.125,-0.05032989605385438,0.0,-0.06988574087688744,0.0,0.000382431066742549,-0.0066711296368833235,0.011836880387912191,0.490981417225876,-0.5178744958777406,0.048605451811292236,1.644683459088107e-16,-0.05032989605385429
5,0.126,-0.05038416220237243,0.0,-0.06980466809797285,0.0,0.00037715604924105103,-0.006700336510845875,0.011797606607648732,0.4938506556217716,-0.5122230598838927,0.048732212862737836,2.8158949604387197e-16,-0.05038416220237249
5,0.127,-0.0504387183189064,0.0,-0.06972322718290994,0.0,0.00037189228212583086,-0.00672966136204766,0.011758461318526965,0.49672532987345497,-0.5065278933242148,0.04885951522400578,2.2038007606808003e-16,-0.050438718318906374
5,0.128,-0.05049357445718865,0.0,-0.06964140754870161,0.0,0.00036663951210043913,-0.006759103630947172,0.01171944366934681,0.4996052190748891,-0.5007892501462642,0.04898737077420014,1.5765183358887385e-16,-0.05049357445718878
5,0.129,-0.050548740980761356,0.0,-0.06955919831671051,0.0,0.0003613974881219428,-0.006788662761182247,0.011680552817206395,0.5024901006209812,-0.49500739755583234,0.04911579167999659,3.0401204764907184e-16,-0.0505487409807613
5,0.13,-0.05060422857803734,0.0,-0.06947658829748425,0.0,0.0003561659613802023,-0.006818338199542917,0.01164178792747904,0.505379750257879,-0.48918261605856783,0.04924479041100556,2.4056002340700294e-16,-0.05060422857803753
5,0.131,-0.0506600482783209,0.0,-0.06939356597460394,0.0,0.00035094468527695026,-0.006848129395943989,0.011603148173785842,0.5082739421347201,-0.4833151994936624,0.04937437975612427,1.7872662241311371e-16,-0.05066004827832082
5,0.132,-0.050716211468870905,0.0,-0.06931011948750272,0.0,0.00034573341540534075,-0.006878035803400024,0.011564632737972607,0.5111724488566823,-0.477405455059725,0.04950457284091031,2.1598976248627797e-16,-0.050716211468870655
5,0.133,-0.050772729913091244,0.0,-0.06922623661315148,0.0,0.00034053190952916854,-0.00690805687799854,0.011526240810080062,0.5140750415394448,-0.4714537033324362,0.04963538314609291,1.9677673745092325e-16,-0.050772729913091195
5,0.134,-0.05082961576993377,0.0,-0.06914190474653954,0.0,0.0003353399275627172,-0.0069381920788767655,0.011487971588320873,0.5169814898648902,-0.4654602782741568,0.049766824527289866,1.806848018992442e-16,-0.050829615769933556
5,0.135,-0.05088688161461577,0.0,-0.06905711087983155,0.0,0.0003301572315505038,-0.0069684408681959156,0.011449824279052015,0.5198915621380699,-0.45942552723527486,0.049898911236051016,1.6006952646774863e-16,-0.050886881614615916
5,0.136,-0.05094454046077035,0.0,-0.06897184158010285,0.0,0.00032498358564708664,-0.006998802711119026,0.011411798096747887,0.5228050253455598,-0.4533498109468571,0.05003165794231189,2.4733944440334697e-16,-0.05094454046077032
5,0.137,-0.051002605784135846,0.0,-0.06888608296552762,0.0,0.00031981875609736016,-0.00702927707578574,0.011373892263974852,0.5257216452147987,-0.4472335035052907,0.050165079758412806,2.441014256396389e-16,-0.05100260578413566
5,0.138,-0.051061091547936484,0.0,-0.0687998206798845,0.0,0.0003146625112166212,-0.007059863433291718,0.01133610601136408,0.5286411862749023,-0.4410769923477281,0.050299192264786796,2.3733563380085162e-16,-0.05106109154793675
5,0.13899999999999998,-0.05112001223008933,0.0,-0.06871303986523208,0.0,0.0003095146213708968,-0.007090561257666138,0.01129843857758408,0.5315634119185224,-0.4348806782190785,0.050434011537483836,2.334435454246561e-16,-0.05112001223008925
5,0.13999999999999999,-0.051179382852401235,0.0,-0.06862572513259196,0.0,0.00030437485895757065,-0.007121370025847955,0.011260889209313727,0.5344880844647308,-0.4286449751304455,0.05056955417768848,1.6157548692501494e-16,-0.05117938285240098
5,0.141,-0.05123921901194747,0.0,-0.06853786053045974,0.0,0.0002992429983859962,-0.007152289217666829,0.011223457161216067,0.5374149652232053,-0.4223703103082821,0.05070583734340764,2.093690268581857e-16,-0.05123921901194728
5,0.142,-0.05129953691482589,0.0,-0.06844942951093419,0.0,0.0002941188160580502,-0.007183318315821717,0.011186141695908034,0.5403438145594693,-0.4160571241346436,0.0508428787835455,2.1024050185128985e-16,-0.05129953691482557
5,0.143,-0.05136035341250552,0.0,-0.06836041489325503,0.0,0.00028900209034926324,-0.007214456805860673,0.011148942083935373,0.5432743919610277,-0.40970587007875137,0.05098069687456444,1.489903789977594e-16,-0.051360353412505486
5,0.144,-0.05142168604102707,0.0,-0.06827079882448721,0.0,0.0002838926015897599,-0.007245704176159941,0.01111185760374302,0.546206456104589,-0.40331701461933145,0.051119310660003914,1.1203727886755676e-16,-0.05142168604102722
5,0.145,-0.05148355306333224,0.0,-0.06818056273708353,0.0,0.0002787901320453445,-0.007277059917905309,0.011074887541646648,0.549139764924302,-0.3968910371577645,0.051258739893123476,1.82606343037141e-16,-0.05148355306333225
5,0.146,-0.05154597351502026,0.0,-0.06808968730301068,0.0,0.0002736944658989445,-0.007308523525072232,0.011038031191805466,0.5520740756807756,-0.39042842992243454,0.05139900508297733,1.8080058075190124e-16,-0.051545973515019994
5,0.147,-0.051608967253896645,0.0,-0.06799815238409286,0.0,0.00026860538923184456,-0.007340094494407933,0.011001287856192055,0.5550091450311564,-0.3839296978635697,0.05154012754427978,1.798490208535313e-16,-0.0516089672538968
5,0.148,-0.051672555013686824,0.0,-0.06790593697818754,0.0,0.00026352269000537746,-0.0073717723254114725,0.010964656844564121,0.5579447290998447,-0.37739535853940176,0.05168212945143168,1.9582915344127292e-16,-0.05167255501368709
5,0.149,-0.05173675846236302,0.0,-0.0678130191607463,0.0,0.00025844615804238285,-0.0074035565203171075,0.01092813747443386,0.5608805835502308,-0.370825941992705,0.05182503389717036,2.0542786728930667e-16,-0.05173675846236294
5,0.15,-0.051801600265566294,0.0,-0.06771937602128565,0.0,0.0002533755850093668,-0.007435446584074143,0.010891729071041087,0.5638164636568385,-0.36422199061899385,0.05196886495630333,1.6249763993827805e-16,-0.05180160026556642
5,0.151,-0.05186710415569736,0.0,-0.06762498359418696,0.0,0.0002483107643979735,-0.007467442024331942,0.010855430967320095,0.5667521243786316,-0.3575840590246161,0.052113647755119175,1.6696184767342278e-16,-0.05186710415569715
5,0.152,-0.05193329500728122,0.0,-0.06752981678322088,0.0,0.00024325149150735984,-0.007499542351420611,0.010819242503872041,0.5696873204325303,-0.350912713876807,0.05225940854707471,1.838817672187534e-16,-0.05193329500728116
5,0.153,-0.05200019891934492,0.0,-0.06743384927906844,0.0,0.000238197563426194,-0.0075317470783351,0.010783163028933477,0.5726218063678193,-0.3442085337441112,0.0524061747954835,2.0450390398909943e-16,-0.05200019891934507
5,0.154,-0.052067843305597314,0.0,-0.067337053469029,0.0,0.0002331487790150454,-0.007564055720717263,0.010747191898346138,0.5755553366409366,-0.3374721089282763,0.05255397526401849,1.5817488811849527e-16,-0.052067843305597404
5,0.155,-0.05213625699335295,0.0,-0.06723940033799204,0.0,0.0002281049388887162,-0.007596467796840229,0.010711328475525791,0.5784876656908955,-0.3307040412869975,0.052702840115959076,1.745473068702909e-16,-0.05213625699335315
5,0.156,-0.05220547033224702,0.0,-0.06714085935961643,0.0,0.0002230658453988668,-0.007628982827592248,0.010675572131432306,0.5814185480150614,-0.32390494404811543,0.052852801023222915,1.79456202721641e-16,-0.05220547033224712
5,0.157,-0.052275515313960366,0.0,-0.06704139837650101,0.0,0.00021803130261662491,-0.0076616003364588636,0.010639922244536507,0.5843477382453381,-0.3170754416151156,0.0530038912864125,1.1812061733065584e-16,-0.052275515313960325
5,0.158,-0.052346425704343835,0.0,-0.0669409834679539,0.0,0.00021300111631535057,-0.0076943198495087505,0.010604378200789615,0.5872749912247683,-0.3102161693638965,0.05315614596726469,2.3233646853192733e-16,-0.05234642570434397
5,0.159,-0.05241823718955109,0.0,-0.06683957880375938,0.0,0.0002079750939536955,-0.0077271408953771,0.01056893939359258,0.5902000620842838,-0.30332777343141515,0.05330960203510163,2.750316470372048e-16,-0.05241823718955131
5,0.16,-0.05249098753804326,0.0,-0.06673714648206709,0.0,0.00020295304465839012,-0.007760063005250767,0.010533605223761669,0.593122706319892,-0.2964109104955345,0.05346429852916369,1.49613400832255e-16,-0.05249098753804318
5,0.161,-0.0525647167806137,0.0,-0.06663364634926532,0.0,0.0001979347792076796,-0.0077930857128513985,0.01049837509949842,0.5960426798697654,-0.28946624754733663,0.05362027673895829,2.6881058639412905e-16,-0.05256471678061379
5,0.162,-0.05263946741096305,0.0,-0.06652903579930414,0.0,0.0001929201100144038,-0.007826208554422055,0.010463248436356173,0.5989597391917312,-0.2824944616547468,0.053777580405158856,1.6567814510658778e-16,-0.05263946741096303
5,0.163,-0.05271528460975132,0.0,-0.06642326954954295,0.0,0.000187908851109554,-0.007859431068709784,0.010428224657207436,0.6018736413405759,-0.2754962397188717,0.05393625594398174,2.1759106337230164e-16,-0.05271528460975117
5,0.16399999999999998,-0.05279221649558695,0.0,-0.06631629938965909,0.0,0.00018290081812573464,-0.007892752796953582,0.01039330319221239,0.604784144045565,-0.2684722782221465,0.05409635269851193,1.8513937060080056e-16,-0.05279221649558685
5,0.16499999999999998,-0.052870314407018365,0.0,-0.0662080738995576,0.0,0.0001778958282808204,-0.00792617328286651,0.01035848347878356,0.6076910057877501,-0.26142328296934525,0.05425792322101096,1.759670563780512e-16,-0.052870314407018545
5,0.16599999999999998,-0.05294963322034052,0.0,-0.06609853813146298,0.0,0.00017289370036174025,-0.007959692072623717,0.01032376496155467,0.6105939858772839,-0.2543499688209826,0.05442102359106574,2.250157391531707e-16,-0.05294963322034053
5,0.16699999999999998,-0.05303023170894242,0.0,-0.06598763325047369,0.0,0.00016789425470847667,-0.007993308714845302,0.010289147092346431,0.6134928445304171,-0.247253059419955,0.05458571377526096,1.544123535528631e-16,-0.053030231708942534
5,0.16799999999999998,-0.05311217295103702,0.0,-0.06587529612673725,0.0,0.00016289731319809605,-0.008027022760583043,0.01025462933013389,0.6163873429463844,-0.24013328691099256,0.05475205803523764,1.7722833301841826e-16,-0.05311217295103708
5,0.16899999999999998,-0.053195524793978224,0.0,-0.0657614588710272,0.0,0.00015790269922874074,-0.008060833763306921,0.010220211141011423,0.6192772433840694,-0.2329913916532561,0.05492012539235902,2.174472739024566e-16,-0.05319552479397799
5,0.16999999999999998,-0.05328036038507658,0.0,-0.06564604830383952,0.0,0.00015291023770423962,-0.008094741278888363,0.010185891998160942,0.6221623092380367,-0.22582812192718715,0.05508999015884436,2.5524606719582635e-16,-0.05328036038507626
5,0.17099999999999999,-0.05336675878094603,0.0,-0.06552898534594198,0.0,0.00014791975501829327,-0.00812874486558813,0.010151671381816822,0.6250423051144964,-0.2186442336343135,0.05526173254746661,1.6123625587016716e-16,-0.05336675878094589
5,0.172,-0.0534548056500682,0.0,-0.06541018431571921,0.0,0.00014293107903910317,-0.008162844084040513,0.010117548779231609,0.6279169969065912,-0.2114404899916159,0.055435439374443576,1.1689833936086908e-16,-0.05345480565006824
5,0.173,-0.053544594086622224,0.0,-0.06528955211524394,0.0,0.0001379440390940856,-0.008197038497240787,0.010083523684643622,0.6307861518692384,-0.2042176612199963,0.05561120487361772,2.0186126657646142e-16,-0.053544594086622044
5,0.174,-0.053636225557921316,0.0,-0.06516698728274586,0.0,0.00013295846595467867,-0.00823132767052884,0.010049595599240966,0.6336495386933441,-0.1969765242274245,0.055789131644232604,2.3680262405760403e-16,-0.053636225557921226
5,0.175,-0.0537298110132896,0.0,-0.06504237888364373,0.0,0.00012797419182136846,-0.008265711171577404,0.010015764031130208,0.6365069275794123,-0.18971786228683363,0.05596933176014529,1.427464364209332e-16,-0.0537298110132897
5,0.176,-0.053825472189344116,0.0,-0.06491560520516482,0.0,0.0001229910503085963,-0.008300188570376541,0.009982028495298861,0.6393580903105168,-0.18244246470897807,0.056151928075467414,1.775296140037934e-16,-0.053825472189344206
5,0.177,-0.05392334315595936,0.0,-0.06478653221029172,0.0,0.00011800887643016646,-0.008334759439220138,0.009948388513584037,0.6422028003243812,-0.17515112651104603,0.05633705577086587,1.4578921562612853e-16,-0.05392334315595967
5,0.178,-0.05402357215951258,0.0,-0.0646550116944233,0.0,0.0001130275065844625,-0.008369423352691387,0.009914843614636166,0.6450408327847892,-0.16784464808061128,0.056524864197161684,1.8198395636322514e-16,-0.05402357215951262
5,0.179,-0.05412632383642288,0.0,-0.06452087907174209,0.0,0.00010804677854010195,-0.008404179887650047,0.009881393333888043,0.6478719646520135,-0.1605238348358804,0.05671551908922175,1.4236087509094055e-16,-0.05412632383642296
5,0.18,-0.05423178189222483,0.0,-0.06438395069605123,0.0,0.00010306653142138608,-0.008439028623216577,0.009848037213516975,0.6506959747524489,-0.15318949688192074,0.05690920524538613,1.7703513662715295e-16,-0.054231781892225286
5,0.181,-0.05434015237175671,0.0,-0.06424402059049637,0.0,9.808660569416154e-05,-0.008473969140759985,0.0098147748024136,0.6535126438471932,-0.14584244866370322,0.05710612979800764,1.0850348249529702e-16,-0.054340152371756587
5,0.182,-0.054451667688199513,0.0,-0.06410085641843441,0.0,9.310684315169215e-05,-0.008509001023882546,0.009781605656146502,0.6563217546996265,-0.13848350861600656,0.057306526242855746,2.085084980210942e-16,-0.05445166768819937
5,0.183,-0.05456659163802755,0.0,-0.06395419446839617,0.0,8.812708690074492e-05,-0.008544123858406121,0.009748529336929285,0.6591230921419025,-0.1311134988105943,0.05751065945442016,1.246889299830482e-16,-0.05456659163802746
5,0.184,-0.054685225713891304,0.0,-0.063803733341112,0.0,8.314718134768209e-05,-0.00857933723235856,0.009715545413586124,0.6619164431403798,-0.12373324460077673,0.05771883199916422,1.5679078159222446e-16,-0.05468522571389134
5,0.185,-0.05480791715134803,0.0,-0.06364912590269484,0.0,7.816697218489136e-05,-0.008614640735959448,0.00968265346151946,0.6647015968597779,-0.11634357426412256,0.05793139218261771,2.0113792957060218e-16,-0.05480791715134786
5,0.186,-0.05493506932976212,0.0,-0.0634899688836545,0.0,7.31863063771882e-05,-0.008650033961605682,0.009649853062675552,0.6674783447261936,-0.10894531864316126,0.05814874445064103,1.6824908728252652e-16,-0.054935069329762075
5,0.187,-0.05506715542840305,0.0,-0.0633257892227061,0.0,6.820503214840449e-05,-0.00868551650385834,0.009617143805511942,0.6702464804888415,-0.10153931078464207,0.05837136304590594,2.0562095898104476e-16,-0.05506715542840315
5,0.188,-0.0552047366771911,0.0,-0.06315602581594759,0.0,6.32229989681069e-05,-0.00872108795942679,0.009584525284962508,0.6730058002804656,-0.09412638557770003,0.05859981025899995,1.995417638002046e-16,-0.05520473667719056
5,0.189,-0.055348487246157006,0.0,-0.0629800046273048,0.0,5.824005753876074e-05,-0.008756747927156625,0.009551997102410156,0.6757561026762754,-0.08670737939154227,0.05883476131827663,1.5730805155088347e-16,-0.055348487246157096
5,0.19,-0.05549922898830237,0.0,-0.0627969039455948,0.0,5.325605978229311e-05,-0.008792496008014284,0.009519558865647105,0.6784971887518295,-0.07928312971172846,0.05907703913308597,2.0752208777428266e-16,-0.05549922898830239
5,0.191,-0.05565798127013636,0.0,-0.06260570455389802,0.0,4.8270858827723995e-05,-0.008828331805072724,0.009487210188848438,0.6812288621390286,-0.07185447477752882,0.05932766412470107,1.7726559011326147e-16,-0.05565798127013639
5,0.192,-0.05582603476721819,0.0,-0.06240511593393778,0.0,4.3284308998284466e-05,-0.008864254923497503,0.009454950692537791,0.6839509290809622,-0.0644222532185772,0.05958792802224181,2.0225952079666375e-16,-0.05582603476721866
5,0.193,-0.05600506502697143,0.0,-0.0621934627031776,0.0,3.829626579887374e-05,-0.008900264970533023,0.009422780003556043,0.6866631984851456,-0.05698730369229921,0.059859507425884036,1.761071114813974e-16,-0.05600506502697135
5,0.194,-0.056197315625868605,0.0,-0.0619685014575572,0.0,3.3306585903883227e-05,-0.00893636155548652,0.009390697755031213,0.6893654819750794,-0.04955046452253298,0.06014464696443545,1.3926103429519795e-16,-0.05619731562586878
5,0.195,-0.05640591145753259,0.0,-0.06172710748331065,0.0,2.831512714475626e-05,-0.008972544289714689,0.009358703586345746,0.6920575939404514,-0.04211257333870655,0.06044647258382967,1.799607191967974e-16,-0.05640591145753339
5,0.196,-0.056635436933739895,0.0,-0.06146469655587859,0.0,2.3321748498019237e-05,-0.009008812786610603,0.009326797143108856,0.6947393515855514,-0.03467446671697505,0.060769569748540614,1.7266314679327628e-16,-0.05663543693374059
5,0.197,-0.05689311847499405,0.0,-0.06117404244925815,0.0,1.8326310073428997e-05,-0.009045166661585337,0.009294978077123803,0.6974105749760388,-0.027236979823182073,0.06112116593254897,1.1891974300232275e-16,-0.05689311847499331
5,0.198,-0.05719162795697285,0.0,-0.06084247348947181,0.0,1.3328673102167541e-05,-0.009081605532056908,0.009263246046361315,0.7000710870841095,-0.019800946057746405,0.06151393406620847,1.6479126724274268e-16,-0.05719162795697344
5,0.199,-0.057557503280248126,0.0,-0.060443451984771183,0.0,8.328699925138348e-06,-0.009118129017434917,0.009231600714928762,0.7027207138319697,-0.012367196702974037,0.06197441310637566,2.212895611325514e-16,-0.05755750328024808
5,0.2,-0.05807196026413268,0.0,-0.059895762331711996,0.0,3.3262539817065988e-06,-0.009154736739103367,0.009200041753041972,0.705359284133429,-0.004936560573553295,0.06258381993066968,2.0469350823285273e-16,-0.05807196026413326
5,0.201,-0.058967201830877225,-0.0006478426123908396,-0.058967201830877225,0.0006478426123908396,-1.678800201717842e-06,-0.009191428320409162,0.009168568836999052,0.7079866299339104,0.0024901363303515556,0.0635776592959098,1.2746785162458088e-16,-0.0589672018308772
5,0.202,-0.05895049934623632,-0.001292922757057829,-0.05895049934623632,0.001292922757057829,-6.686597022872325e-06,-0.00922820338664529,0.009137181649150547,0.7106025862486413,0.009912071166515268,0.06366643084800293,2.5088089352809913e-16,-0.05895049934623637
5,0.203,-0.05893375396226719,-0.0017100635817418066,-0.05893375396226719,0.0017100635817418066,-1.1697269814398437e-05,-0.009265061565035631,0.009105879877875662,0.7132069911989096,0.017328424590003166,0.06375548848853146,1.5863455513737881e-16,-0.058933753962267355
5,0.20400000000000001,-0.058916965800606846,-0.0020439514949562956,-0.058916965800606846,0.0020439514949562956,-1.6710950854935934e-05,-0.009302002484721152,0.009074663217553834,0.7157996860467656,0.02473838108929627,0.06384483361202604,1.4001409061707262e-16,-0.058916965800606826
5,0.20500000000000002,-0.0589001349862218,-0.002330652879533135,-0.0589001349862218,0.002330652879533135,-2.172777137950414e-05,-0.009339025776743927,0.009043531368542461,0.7183805152276053,0.03214112931735924,0.06393446761719351,1.8159853989515087e-16,-0.058900134986221785
5,0.20600000000000002,-0.0588832616473732,-0.0025859167421955435,-0.0588832616473732,0.0025859167421955435,-2.6747861590268782e-05,-0.009376131074031829,0.009012484037148586,0.7209493263812028,0.039535862419020074,0.0640243919073543,2.8350654358868285e-16,-0.05888326164737328
5,0.20700000000000002,-0.05886634591557833,-0.0028183040408510554,-0.05886634591557833,0.0028183040408510554,-3.1771350666709474e-05,-0.009413318011384196,0.008981520935608441,0.7235059703806546,0.04692177835290523,0.0641146078908979,1.4168519185132832e-16,-0.058866345915578364
5,0.208,-0.0588493879255747,-0.003033082869615148,-0.0588493879255747,0.003033082869615148,-3.679836677581176e-05,-0.009450586225455354,0.008950641782063092,0.7260503013595658,0.054298080208632804,0.06420511698172784,1.7458417664123224e-16,-0.05884938792557468
5,0.209,-0.058832387815283486,-0.003233768586419918,-0.058832387815283486,0.003233768586419918,-4.182903708206486e-05,-0.009487935354738915,0.00891984630053615,0.72858217673735,0.061663976518670394,0.0642959205997258,1.3940999792440863e-16,-0.05883238781528334
5,0.21,-0.058815345725773585,-0.003422845590933399,-0.058815345725773585,0.003422845590933399,-4.686348775748887e-05,-0.00952536503955544,0.00888913422091335,0.731101457242741,0.06901868156491897,0.06438702017121932,1.5167901207157298e-16,-0.05881534572577342
5,0.211,-0.058798261801225896,-0.0036021467207420776,-0.058798261801225896,0.0036021467207420776,-5.1901843991011604e-05,-0.009562874922031641,0.008858505278920861,0.7336080069352028,0.076361415678881,0.06447841712944428,2.0382802059345233e-16,-0.05879826180122594
5,0.212,-0.05878113618889959,-0.0037730700363975615,-0.05878113618889959,0.0037730700363975615,-5.6944229998244695e-05,-0.0096004646460889,0.008827959216106615,0.736101693224721,0.08369140553660248,0.06457011291502805,1.2976297831742025e-16,-0.05878113618889945
5,0.213,-0.05876396903909428,-0.003936710842527591,-0.05876396903909428,0.003936710842527591,-6.199076903069714e-05,-0.009638133857425898,0.008797495779821956,0.7385823868895255,0.09100788444685737,0.06466210897647146,1.2727578789451303e-16,-0.05876396903909449
5,0.214,-0.05874676050511838,-0.004093946243694337,-0.05874676050511838,0.004093946243694337,-6.704158338503624e-05,-0.009675882203502933,0.008767114723203165,0.7410499620920451,0.09831009263324297,0.06475440677063893,1.6345049859431081e-16,-0.058746760505118255
5,0.215,-0.058729510743252375,-0.004245491561999965,-0.058729510743252375,0.004245491561999965,-7.20967944120514e-05,-0.009713709333526388,0.008736815805156065,0.7435042963929145,0.10559727750944559,0.06484700776325665,1.9974330068949519e-16,-0.05872951074325227
5,0.216,-0.058712219912716884,-0.004391939279108692,-0.058712219912716884,0.004391939279108692,-7.715652252551119e-05,-0.009751614898431488,0.008706598790339035,0.7459452707631608,0.11286869394785048,0.06493991342941469,1.5439591163247428e-16,-0.05871221991271669
5,0.217,-0.058694888175637866,-0.004533786695767541,-0.058694888175637866,0.004533786695767541,-8.222088721087468e-05,-0.009789598550868243,0.008676463449150405,0.7483727695945147,0.12012360454112914,0.06503312525408315,1.5438795531267843e-16,-0.05869488817563794
5,0.218,-0.05867751569701368,-0.004671456064059996,-0.05867751569701368,0.004671456064059996,-8.729000703377174e-05,-0.009827659945184416,0.008646409557714648,0.7507866807078624,0.12736127985665924,0.06512664473262965,1.5920009379254207e-16,-0.05867751569701371
5,0.219,-0.05866010264468298,-0.004805309554242253,-0.05866010264468298,0.004805309554242253,-9.236399964836743e-05,-0.00986579873740767,0.008616436897868104,0.7531868953598957,0.13458099868375695,0.06522047337134383,1.3592186705229746e-16,-0.058660102644682896
5,0.22,-0.05864264918929035,-0.004935660589158427,-0.05864264918929035,0.004935660589158427,-9.744298180548662e-05,-0.00990401458523218,0.008586545257152033,0.7555733082478561,0.1417820482732195,0.06531461268798211,1.3569896057962793e-16,-0.05864264918929043
5,0.221,-0.05862515550425558,-0.005062782568921588,-0.05862515550425558,0.005062782568921588,-0.00010252706936070516,-0.009942307148000698,0.008556734428799895,0.7579458175125838,0.14896372456963802,0.06540906421230706,2.0690416267232172e-16,-0.05862515550425559
5,0.222,-0.058607621765741164,-0.005186915684730687,-0.058607621765741164,0.005186915684730687,-0.00010761637728202078,-0.009980676086687488,0.008527004211730534,0.7603043247396302,0.15612533243557003,0.06550382948664156,2.365583936913834e-16,-0.058607621765741164
5,0.223,-0.05859004815262106,-0.005308272309747954,-0.05859004815262106,0.005308272309747954,-0.0001127110196577478,-0.010019121063883963,0.008497354410540163,0.7626487349587769,0.16326618586844566,0.06559891006643545,1.7223445816999002e-16,-0.05859004815262117
5,0.224,-0.05857243484644932,-0.005427041314192427,-0.05857243484644932,0.005427041314192427,-0.00011781110970380594,-0.010057641743779698,0.008467784835496733,0.7649789566416142,0.1703856082089854,0.06569430752083719,1.7016020529340683e-16,-0.058572434846449445
5,0.22499999999999998,-0.0585547820314284,-0.0055433915559658245,-0.0585547820314284,0.0055433915559658245,-0.00012291675977101285,-0.010096237792146877,0.008438295302537214,0.7672949016974379,0.1774829323417617,0.06579002343327753,1.0872091032519594e-16,-0.05855478203142833
5,0.22599999999999998,-0.058537089894379286,-0.0056574747315471475,-0.058537089894379286,0.0056574747315471475,-0.00012802808135237793,-0.010134908876324343,0.008408885633263391,0.7695964854675326,0.18455750088795608,0.0658860594020665,1.544121656143091e-16,-0.058537089894379245
5,0.22699999999999998,-0.058519358624711776,-0.005769427724870202,-0.058519358624711776,0.005769427724870202,-0.0001331451850900037,-0.010173654665200173,0.00837955565494068,0.7718836267176623,0.19160866638962282,0.06598241704099474,1.9951715828280892e-16,-0.05851935862471161
5,0.22799999999999998,-0.05850158841439334,-0.005879374558186302,-0.05850158841439334,0.005879374558186302,-0.0001382681807817935,-0.010212474829193446,0.008350305200497843,0.7741562476288988,0.19863579148571375,0.06607909797995053,1.9841368720222335e-16,-0.05850158841439346
5,0.22899999999999998,-0.058483779457920965,-0.005987428024374905,-0.058483779457920965,0.005987428024374905,-0.00014339717738828003,-0.01025136904024069,0.008321134108529638,0.7764142737869074,0.20563824908010164,0.06617610386555106,1.5796380097035622e-16,-0.05848377945792095
5,0.22999999999999998,-0.05846593195229011,-0.0060936910620479675,-0.05846593195229011,0.0060936910620479675,-0.00014853228303873334,-0.010290336971775157,0.008292042223300567,0.7786576341694229,0.21261542250064558,0.06627343636178053,2.480431014955068e-16,-0.058465931952289954
5,0.23099999999999998,-0.05844804609696659,-0.006198257921339695,-0.05844804609696659,0.006198257921339695,-0.00015367360503780133,-0.010329378298712753,0.008263029394747887,0.7808862611324406,0.2195667056508046,0.06637109715064442,1.1191856792887822e-16,-0.05844804609696662
5,0.23199999999999998,-0.058430122093859366,-0.006301215158034498,-0.058430122093859366,0.006301215158034498,-0.00015882124987137464,-0.010368492697433675,0.008234095478490142,0.7831000903945852,0.22649150315201494,0.06646908793283354,1.3337807578516688e-16,-0.058430122093859345
5,0.23299999999999998,-0.058412160147289366,-0.006402642485968291,-0.058412160147289366,0.006402642485968291,-0.00016397532321250474,-0.010407679845764793,0.008205240335834928,0.7852990610200777,0.23338923047803162,0.0665674104284078,2.6972554285305924e-16,-0.05841216014728945
5,0.23399999999999999,-0.058394160463964374,-0.006502613511644089,-0.058394160463964374,0.006502613511644089,-0.00016913592992726513,-0.010446939422963614,0.008176463833788727,0.7874831154002561,0.2402593140809861,0.06666606637748455,2.0721922512471677e-16,-0.05839416046396429
5,0.235,-0.058376123252949066,-0.006601196370362701,-0.058376123252949066,0.006601196370362701,-0.0001743031740803587,-0.010486271109701184,0.008147765845068452,0.7896521992336125,0.24710119150896181,0.06676505754095817,1.1436828554510963e-16,-0.058376123252948976
5,0.236,-0.058358048725639516,-0.006698454279539329,-0.058358048725639516,0.006698454279539329,-0.0001794771589403151,-0.010525674588044192,0.008119146248117501,0.7918062615042964,0.2539143115148206,0.06686438570121148,2.0332632241538862e-16,-0.0583580487256393
5,0.237,-0.05833993709573421,-0.006794446022024144,-0.05833993709573421,0.006794446022024144,-0.0001846579869847992,-0.010565149541437065,0.008090604927119358,0.7939452544593951,0.26069813415718723,0.06696405266286438,1.9915066937772502e-16,-0.05833993709573418
5,0.238,-0.05832178857921001,-0.006889226369951994,-0.05832178857921001,0.006889226369951994,-0.00018984575990576788,-0.010604695654685468,0.00806214177201461,0.796069133584853,0.26745213089307707,0.06706406025352507,1.7776766129294022e-16,-0.05832178857921015
5,0.239,-0.05830360339429347,-0.006982846457825289,-0.05830360339429347,0.006982846457825289,-0.00019504057861425303,-0.010644312613939853,0.008033756678523182,0.7981778575799644,0.27417578466188397,0.06716441032456884,1.8184793058319554e-16,-0.058303603394293496
5,0.24,-0.05828538176143559,-0.007075354112074554,-0.05828538176143559,0.007075354112074554,-0.0002002425432450009,-0.010684000106675764,0.008005449548163896,0.8002713883306761,0.2808685899614156,0.06726510475192396,1.1781684151238178e-16,-0.058285381761435676
5,0.241,-0.05826712390328605,-0.007166794143150223,-0.05826712390328605,0.007166794143150223,-0.00020545175316116928,-0.01072375782167883,0.007977220288278715,0.8023496908816898,0.2875300529158864,0.06736614543688753,1.4658446701960798e-16,-0.058267123903285964
5,0.242,-0.05824883004466741,-0.007257208605215816,-0.05824883004466741,0.007257208605215816,-0.0002106683069584739,-0.010763585449025836,0.007949068812059827,0.8044127334072344,0.29415969133539677,0.06746753430694889,1.4764621684993176e-16,-0.05824883004466751
5,0.243,-0.05823050041255118,-0.007346637027741132,-0.05823050041255118,0.007346637027741132,-0.0002158923024695086,-0.010803482680067217,0.007920995038575343,0.8064604871808494,0.3007570347679458,0.06756927331664042,1.8936615211112178e-16,-0.058230500412551144
5,0.244,-0.05821213523603104,-0.007435116622618275,-0.05821213523603104,0.007435116622618275,-0.0002211238367677381,-0.010843449207410646,0.00789299889280114,0.8084929265439367,0.3073216245431587,0.06767136444840778,1.7703479425734304e-16,-0.05821213523603125
5,0.245,-0.05819373474630081,-0.0075226824698911305,-0.05819373474630081,0.0075226824698911305,-0.00022636300617122953,-0.010883484724902078,0.007865080305652923,0.8105100288732413,0.31385301380820496,0.06777380971349935,1.7412882018164607e-16,-0.05819373474630081
5,0.246,-0.05817529917662732,-0.007609367684743309,-0.05817529917662732,0.007609367684743309,-0.00023160990624646315,-0.010923588927609876,0.007837239214020795,0.812511774547366,0.3203507675562194,0.0678766111528819,1.4899235881454896e-16,-0.058175299176627414
5,0.247,-0.058156828762328736,-0.007695203567997168,-0.058156828762328736,0.007695203567997168,-0.00023686463181166545,-0.010963761511805732,0.007809475560806651,0.8144981469121894,0.3268144626467808,0.06797977083817337,2.3905067195495917e-16,-0.058156828762328916
5,0.248,-0.058138323740750085,-0.007780219742078984,-0.058138323740750085,0.007780219742078984,-0.00024212727694014193,-0.011004002174947658,0.0077817892949640635,0.8164691322453763,0.3332436878190357,0.06808329087260578,1.2808758913496784e-16,-0.0581383237407502
5,0.249,-0.058119784351240225,-0.007864444274130859,-0.058119784351240225,0.007864444274130859,-0.00024739793496363863,-0.011044310615663199,0.007754180371537741,0.8184247197200772,0.33963804369777395,0.0681871733920097,1.8125492935190147e-16,-0.0581197843512402
5,0.25,-0.058101210835127634,-0.007947903787712826,-0.058101210835127634,0.007947903787712826,-0.0002526766984749592,-0.01108468653373043,0.007726648751711504,0.820364901367485,0.3459971427913666,0.06829142056582801,1.839591680872489e-16,-0.05810121083512769
5,0.251,-0.0580826034357,-0.008030623564379315,-0.0580826034357,0.008030623564379315,-0.00025796365933105736,-0.01112512963006176,0.007699194402852404,0.8222896720388504,0.3523206094835203,0.06839603459814976,1.7050555278904982e-16,-0.05808260343570013
5,0.252,-0.05806396239817939,-0.008112627636215095,-0.05806396239817939,0.008112627636215095,-0.0002632589086555236,-0.011165639606685925,0.00767181729856183,0.8241990293665031,0.3586080800173719,0.06850101772878149,2.201622991576618e-16,-0.05806396239817954
5,0.253,-0.058045287969701764,-0.008193938870302616,-0.058045287969701764,0.008193938870302616,-0.0002685625368410247,-0.011206216166729174,0.007644517418726058,0.826092973724214,0.3648592024730297,0.06860637223433898,2.1386638461173447e-16,-0.05804528796970164
5,0.254,-0.05802658039929319,-0.008274579045965662,-0.05802658039929319,0.008274579045965662,-0.00027387463355173637,-0.011246859014400139,0.007617294749572158,0.8279715081868354,0.3710736367383658,0.06871210042937996,1.2066055058451511e-16,-0.058026580399293176
5,0.255,-0.058007839937850775,-0.00835456892552413,-0.058007839937850775,0.00835456892552413,-0.0002791952877253335,-0.011287567854970546,0.0075901492837249914,0.8298346384892296,0.3772510544731007,0.06881820466755359,2.3258185026204977e-16,-0.058007839937850914
5,0.256,-0.057989066838119135,-0.008433928319220962,-0.057989066838119135,0.008433928319220962,-0.0002845245875750293,-0.011328342394758384,0.007563081020266991,0.8316823729846204,0.38339113906665867,0.06892468734279913,1.8824624917877224e-16,-0.0579890668381193
5,0.257,-0.057970261354671135,-0.008512676144892525,-0.057970261354671135,0.008512676144892525,-0.000289862620591289,-0.011369182341109856,0.0075360899648015045,0.8335147226022999,0.3894935855895778,0.06903155089056456,1.865870536638354e-16,-0.05797026135467116
5,0.258,-0.057951423743884525,-0.008590830482898574,-0.057951423743884525,0.008590830482898574,-0.0002952094735435973,-0.0114100874023835,0.007509176129518561,0.8353317008048458,0.39555810073903275,0.06913879778907532,2.488988244886099e-16,-0.0579514237438845
5,0.259,-0.05793255426392403,-0.008668408626755128,-0.05793255426392403,0.008668408626755128,-0.0003005652324816105,-0.011451057287929757,0.007482339533264083,0.8371333235447063,0.4015844027780118,0.06924643056062439,2.2751797400045394e-16,-0.05793255426392418
5,0.26,-0.05791365317472058,-0.008745427129890137,-0.05791365317472058,0.008745427129890137,-0.00030592998273687357,-0.011492091708076878,0.007455580201609458,0.8389196092205399,0.4075722214694866,0.06935445177291245,1.5896433131458247e-16,-0.05791365317472069
5,0.261,-0.05789472073795021,-0.008821901848860687,-0.05789472073795021,0.008821901848860687,-0.00031130380892372626,-0.01153319037411234,0.007428898166927986,0.840690578632888,0.4135212980042,0.06946286404042822,1.5185349958321227e-16,-0.05789472073795026
5,0.262,-0.05787575721701479,-0.008897847983362964,-0.05787575721701479,0.008897847983362964,-0.0003166867949401457,-0.011574352998264075,0.007402293468472332,0.8424462549395174,0.4194313849232367,0.06957167002586159,3.1360265893771534e-16,-0.057875757217015
5,0.263,-0.05785676287702318,-0.008973280113325866,-0.05785676287702318,0.008973280113325866,-0.0003220790239688382,-0.011615579293685549,0.007375766152454057,0.844186663610519,0.425302246035719,0.0696808724415728,1.044841448462758e-16,-0.05785676287702321
5,0.264,-0.05783773798477124,-0.009048212233332232,-0.05783773798477124,0.009048212233332232,-0.0003274805784776922,-0.011656868974436668,0.00734931627212771,0.8459118323829485,0.43113365633095535,0.06979047405109419,1.3257078738972532e-16,-0.05783773798477121
5,0.265,-0.05781868280872332,-0.009122657784609392,-0.05781868280872332,0.009122657784609392,-0.00033289154022037726,-0.011698221755468396,0.007322943887878683,0.8476217912152402,0.4369254018858644,0.06990047767069234,1.8791525013567512e-16,-0.057818682808723404
5,0.266,-0.05779959761899345,-0.009196629684790448,-0.05779959761899345,0.009196629684790448,-0.0003383119902366753,-0.011739637352604495,0.007296649067311504,0.8493165722414024,0.4426772797677707,0.07001088617097061,2.4113244509300925e-16,-0.05779959761899371
5,0.267,-0.05778048268732699,-0.009270140355632136,-0.05778048268732699,0.009270140355632136,-0.0003437420088524777,-0.011781115482523566,0.0072704318853447115,0.8509962097248992,0.4483890979322893,0.0701217024785256,2.1834780633851038e-16,-0.05778048268732692
5,0.268,-0.057761338287081423,-0.009343201748866475,-0.057761338287081423,0.009343201748866475,-0.0003491816756800863,-0.011822655862744438,0.007244292424306451,0.8526607400125044,0.45406067511734305,0.07023292957766372,1.5679967256969637e-16,-0.057761338287081646
5,0.269,-0.05774216469321007,-0.009415825370325629,-0.05774216469321007,0.009415825370325629,-0.0003546310696178706,-0.011864258211607233,0.0072182307740347295,0.8543102014878811,0.4596918407325279,0.070344570512162,1.5953835339946197e-16,-0.05774216469321021
5,0.27,-0.0577229621822431,-0.009488022302489019,-0.0577229621822431,0.009488022302489019,-0.0003600902688501159,-0.01190592224825731,0.0071922470319796036,0.8559446345251558,0.465282434744805,0.07045662838709763,1.9218147932835074e-16,-0.05772296218224308
5,0.271,-0.05770373103227017,-0.009559803225570776,-0.05770373103227017,0.009559803225570776,-0.00036555935084653385,-0.011947647692629407,0.007166341303312265,0.8575640814423069,0.4708323075599752,0.07056910637073971,1.764948520179714e-16,-0.05770373103227018
5,0.272,-0.0576844715229234,-0.009631178437263032,-0.0576844715229234,0.009631178437263032,-0.00037103839236160183,-0.011989434265428535,0.0071405137010324,0.8591685864546106,0.4763413199008273,0.07068200769649347,1.2444104895329773e-16,-0.05768447152292336
5,0.273,-0.05766518393536012,-0.009702157871240734,-0.05766518393536012,0.009702157871240734,-0.0003765274694339138,-0.012031281688115281,0.007114764346083405,0.86075819562802,0.4818093426816097,0.07079533566492552,2.365573920947882e-16,-0.057665183935360104
5,0.274,-0.05764586855224574,-0.009772751114520431,-0.05764586855224574,0.009772751114520431,-0.0003820266573854409,-0.012073189682890013,0.0070890933674682,0.8623329568326316,0.4872362568794184,0.07090909364585121,1.8290996151304659e-16,-0.05764586855224553
5,0.275,-0.057626525657737696,-0.00984296742375086,-0.057626525657737696,0.00984296742375086,-0.00038753603082008245,-0.012115157972672957,0.007063500902371324,0.8638929196960377,0.4926219534018892,0.07102328508049353,2.1245585642300911e-16,-0.05762652565773764
5,0.276,-0.05760715553746919,-0.009912815740533027,-0.05760715553746919,0.009912815740533027,-0.0003930556636230377,-0.012157186281092386,0.007037987096281257,0.8654381355570115,0.4979663329527926,0.07113791348372646,2.2802289287908906e-16,-0.05760715553746906
5,0.277,-0.057587758478531564,-0.009982304705816321,-0.057587758478531564,0.009982304705816321,-0.0003985856289590508,-0.012199274332464663,0.007012552103119694,0.8669686574190429,0.5032693058939557,0.071252982446391,1.6360741906798025e-16,-0.05758775847853158
5,0.278,-0.05756833476945982,-0.010051442673456987,-0.05756833476945982,0.010051442673456987,-0.00040412599927116877,-0.0122414218517807,0.0069871960853737205,0.8684845399041495,0.5085307921050446,0.07136849563769836,2.0941545286925533e-16,-0.05756833476945958
5,0.279,-0.05754888470021578,-0.010120237722985866,-0.05754888470021578,0.010120237722985866,-0.0004096768462789844,-0.0122836285646866,0.006961919214228108,0.8699858392068528,0.5137507208409038,0.07148445680771558,1.776937012682368e-16,-0.057548884700216046
5,0.28,-0.057529408562174006,-0.010188697671651504,-0.057529408562174006,0.010188697671651504,-0.000415238240977267,-0.012325894197473281,0.006936721669707438,0.8714726130483097,0.5189290305864978,0.0716008697899576,1.4870038330175088e-16,-0.05752940856217399
5,0.281,-0.0575099066481036,-0.010256830085771556,-0.0575099066481036,0.010256830085771556,-0.0004208102536335539,-0.012368218477053945,0.006911603640816662,0.8729449206306084,0.5240656689095582,0.07171773850405368,1.551292920209143e-16,-0.05750990664810371
5,0.28200000000000003,-0.0574903792521561,-0.010324642291462488,-0.0574903792521561,0.010324642291462488,-0.0004263929537866233,-0.012410601130953384,0.006886565325687805,0.8744028225914305,0.5291605923117215,0.07183506695853145,1.7679299673582952e-16,-0.05749037925215615
5,0.28300000000000003,-0.05747082666984839,-0.010392141384768721,-0.05747082666984839,0.010392141384768721,-0.0004319864102440905,-0.012453041887290501,0.006861606931731745,0.8758463809588185,0.5342137660773196,0.0719528592537023,2.0731713953877037e-16,-0.05747082666984843
5,0.28400000000000003,-0.057451249198048115,-0.01045933424124398,-0.057451249198048115,0.01045933424124398,-0.00043759069108023505,-0.012495540474763053,0.006836728675790996,0.8772756591063477,0.5392251641209538,0.07207111958465198,1.7755912022878902e-16,-0.05745124919804818
5,0.28500000000000003,-0.057431647134960226,-0.010526227525014314,-0.057431647134960226,0.010526227525014314,-0.00044320586363347567,-0.012538096622631348,0.0068119307842982885,0.878690721708529,0.5441947688333111,0.07218985224435116,1.7385916285280392e-16,-0.057431647134960295
5,0.28600000000000003,-0.05741202078011077,-0.010592827697363388,-0.05741202078011077,0.010592827697363388,-0.00044883199450411633,-0.012580710060704983,0.00678721349343709,0.8800916346966398,0.5491225709260072,0.0723090616268939,1.0943706545822165e-16,-0.057412020780110914
5,0.28700000000000003,-0.057392370434334025,-0.010659141024860007,-0.057392370434334025,0.010659141024860007,-0.0004544691495514144,-0.012623380519326412,0.006762577049310119,0.881478465214731,0.5540085692746357,0.07242875223084982,1.7191433262180942e-16,-0.05739237043433415
5,0.28800000000000003,-0.057372696399757506,-0.010725173587067614,-0.057372696399757506,0.010725173587067614,-0.0004601173938909314,-0.012666107729355953,0.006738021708106749,0.8828512815761699,0.5588527707613711,0.07254892866276266,2.1872931234730205e-16,-0.05737269639975759
5,0.28900000000000003,-0.0573529989797876,-0.010790931283855285,-0.0573529989797876,0.010790931283855285,-0.00046577679189154707,-0.012708891422157118,0.006713547736278637,0.8842101532204444,0.5636551901162434,0.07266959564078518,1.7757368428786168e-16,-0.057352998979787725
5,0.29000000000000004,-0.05733327847909746,-0.01085641984234099,-0.05733327847909746,0.01085641984234099,-0.00047144740717270067,-0.01275173132958381,0.0066891554107162245,0.8855551506704882,0.568415849758062,0.07279075799846477,1.934911008904484e-16,-0.05733327847909761
5,0.29100000000000004,-0.05731353520361118,-0.010921644823478956,-0.05731353520361118,0.010921644823478956,-0.0004771293026008991,-0.012794627183962182,0.006664845018930241,0.8868863454903104,0.5731347796343165,0.07291242068867479,1.6601302162654477e-16,-0.05731353520361138
5,0.29200000000000004,-0.05729376946049206,-0.010986611628326124,-0.05729376946049206,0.010986611628326124,-0.00048282254028668306,-0.012837578718078975,0.006640616859238565,0.8882038102431212,0.577812017060797,0.07303458878772717,2.0724429919711732e-16,-0.05729376946049209
5,0.29300000000000004,-0.0572739815581276,-0.011051325503997754,-0.0572739815581276,0.011051325503997754,-0.0004885271815812442,-0.012880585665166866,0.006616471240955491,0.8895076184499037,0.5824476065608388,0.07315726749964231,1.173881389106034e-16,-0.05727398155812763
5,0.29400000000000004,-0.057254171806117964,-0.011115791549331965,-0.057254171806117964,0.011115791549331965,-0.0004942432870727999,-0.012923647758889063,0.0065924084845857605,0.89079784454842,0.5870415997042222,0.07328046216060531,1.296009748416582e-16,-0.057254171806117915
5,0.29500000000000004,-0.05723434051526155,-0.011180014720286654,-0.05723434051526155,0.011180014720286654,-0.0004999709165833049,-0.012966764733327914,0.006568428922021637,0.89207456385278,0.591594054946255,0.07340417824361696,1.2919702612361356e-16,-0.05723434051526149
5,0.296,-0.05721448799754292,-0.011243999835071187,-0.05721448799754292,0.011243999835071187,-0.0005057101291643238,-0.01300993632296745,0.006544532896745714,0.8933378525133628,0.5961050374663737,0.0735284213633429,1.247842194731007e-16,-0.05721448799754294
5,0.297,-0.05719461456611935,-0.011307751579047025,-0.05719461456611935,0.011307751579047025,-0.0005114609830937621,-0.013053162262684593,0.006520720764036184,0.8945877874774111,0.6005746190074592,0.07365319728117267,1.792830763101889e-16,-0.05719461456611929
5,0.298,-0.05717472053530863,-0.01137127450938863,-0.05717472053530863,0.01137127450938863,-0.0005172235358714865,-0.013096442287731644,0.006496992891177734,0.8958244464499692,0.6050028777147873,0.07377851191050926,1.5449663164894317e-16,-0.057174720535308574
5,0.299,-0.057154806220576226,-0.011434573059536253,-0.057154806220576226,0.011434573059536253,-0.0005229978442154886,-0.013139776133724135,0.006473349657674474,0.8970479078554777,0.6093898979757792,0.07390437132228764,1.97454812605662e-16,-0.05715480622057628
5,0.3,-0.05713487193852304,-0.011497651543445534,-0.05713487193852304,0.011497651543445534,-0.0005287839640579818,-0.013183163536629669,0.006449791455467892,0.8982582507998857,0.6137357702601409,0.07403078175075009,1.5159730631542584e-16,-0.0571348719385232
