M,eta,Re_lambda,abs_Im_lambda,g,s,D,cond_eigenvectors,max_Re_full
4.000000000000000000e+00,0.000000000000000000e+00,-4.070653899543118237e-02,0.000000000000000000e+00,-5.278194059113933656e-18,-5.278194059113933656e-18,9.437056727497455680e-33,1.114553761024493550e+00,-4.070653899543118237e-02
4.000000000000000000e+00,5.000000000000000104e-03,-4.070610857150394613e-02,2.897292386705576186e-04,-2.897292386705575644e-04,-1.132178118617988005e-16,-3.357721269624836747e-07,1.000000000000390799e+00,-4.070610857150394613e-02
4.000000000000000000e+00,1.000000000000000021e-02,-4.070481727449477144e-02,5.794575882024661367e-04,5.794575882024661367e-04,4.163336342344337027e-17,-1.343084386101675302e-06,1.000000000000071942e+00,-4.070481727449477144e-02
4.000000000000000000e+00,1.499999999999999944e-02,-4.070266515318637923e-02,8.691844896378973437e-04,8.691844896378973437e-04,3.729655473350135253e-17,-3.021926708108368262e-06,1.000000000000042633e+00,-4.070266515318637923e-02
4.000000000000000000e+00,2.000000000000000042e-02,-4.069965220501797071e-02,1.158908871587076327e-03,1.158908871587076110e-03,4.423544863740858091e-17,-5.372279090572919919e-06,1.000000000000037970e+00,-4.069965220501797071e-02
4.000000000000000000e+00,2.500000000000000139e-02,-4.069577856994258114e-02,1.448630147223182877e-03,1.448630147223182660e-03,4.683753385137379155e-17,-8.394117213775438647e-06,1.000000000000032419e+00,-4.069577856994258114e-02
4.000000000000000000e+00,2.999999999999999889e-02,-4.069104424627188743e-02,1.738347336613308087e-03,1.738347336613308303e-03,8.250778532614688743e-17,-1.208740585084232972e-05,1.000000000000047518e+00,-4.069104424627188743e-02
4.000000000000000000e+00,3.500000000000000333e-02,-4.068544937434884212e-02,2.028059799964056827e-03,2.028059799964057261e-03,1.561251128379126385e-17,-1.645210620892100949e-05,1.000000000000007994e+00,-4.068544937434884212e-02
4.000000000000000000e+00,4.000000000000000083e-02,-4.067899405511675448e-02,2.317766693027235175e-03,2.317766693027235175e-03,5.117434254131580929e-17,-2.148816977322562404e-05,1.000000000000022204e+00,-4.067899405511675448e-02
4.000000000000000000e+00,4.499999999999999833e-02,-4.067167842906599384e-02,2.607467167547647229e-03,2.607467167547647229e-03,-4.510281037539698445e-17,-2.719554011935580240e-05,1.000000000000017319e+00,-4.067167842906599384e-02
4.000000000000000000e+00,5.000000000000000278e-02,-4.066350260885010642e-02,2.897160441374949363e-03,2.897160441374948929e-03,-8.586881206085195117e-17,-3.357415449227155624e-05,1.000000000000029976e+00,-4.066350260885010642e-02
4.000000000000000000e+00,5.500000000000000028e-02,-4.065446680364962623e-02,3.186845789533086261e-03,3.186845789533085827e-03,-7.372574772901430151e-17,-4.062394434505902654e-05,1.000000000000022871e+00,-4.065446680364962623e-02
4.000000000000000000e+00,5.999999999999999778e-02,-4.064457114960814965e-02,3.476522390156329672e-03,3.476522390156329238e-03,-4.358492733391727825e-17,-4.834483171703311198e-05,1.000000000000012657e+00,-4.064457114960814965e-02
4.000000000000000000e+00,6.500000000000000222e-02,-4.063381587700942710e-02,3.766189312121179245e-03,3.766189312121179245e-03,-6.245004513516505540e-17,-5.673672773894320392e-05,1.000000000000016431e+00,-4.063381587700942710e-02
4.000000000000000000e+00,7.000000000000000666e-02,-4.062220119230702808e-02,4.055845975790127282e-03,4.055845975790128149e-03,9.671083378570699551e-17,-6.579954631733189307e-05,1.000000000000023981e+00,-4.062220119230702808e-02
4.000000000000000000e+00,7.499999999999999722e-02,-4.060972732696438436e-02,4.345491506656083344e-03,4.345491506656082477e-03,6.418476861114186249e-17,-7.553318573768060353e-05,1.000000000000014655e+00,-4.060972732696438436e-02
4.000000000000000000e+00,8.000000000000000167e-02,-4.059639451735867072e-02,4.635125015767537805e-03,4.635125015767537805e-03,-4.423544863740858091e-17,-8.593753564717606969e-05,1.000000000000009992e+00,-4.059639451735867072e-02
4.000000000000000000e+00,8.500000000000000611e-02,-4.058220305553716933e-02,4.924745847881367884e-03,4.924745847881367884e-03,-1.301042606982605321e-17,-9.701248666489909313e-05,1.000000000000002665e+00,-4.058220305553716933e-02
4.000000000000000000e+00,8.999999999999999667e-02,-4.056715322371636651e-02,5.214353184608808839e-03,5.214353184608808839e-03,4.466912950640278268e-17,-1.087579165353600878e-04,1.000000000000008882e+00,-4.056715322371636651e-02
4.000000000000000000e+00,9.500000000000000111e-02,-4.055124529953340468e-02,5.503946225875400861e-03,5.503946225875400861e-03,7.979727989493312634e-17,-1.211736962293122804e-04,1.000000000000014655e+00,-4.055124529953340468e-02
4.000000000000000000e+00,1.000000000000000056e-01,-4.053447959906564951e-02,5.793524044099739034e-03,5.793524044099739034e-03,1.179611963664228824e-16,-1.342596833982471886e-04,1.000000000000020428e+00,-4.053447959906564951e-02
4.000000000000000000e+00,1.049999999999999961e-01,-4.051685649610397427e-02,6.083086161811165730e-03,6.083086161811165730e-03,1.014813233446432150e-16,-1.480157490080739999e-04,1.000000000000017097e+00,-4.051685649610397427e-02
4.000000000000000000e+00,1.100000000000000006e-01,-4.049837629141654627e-02,6.372631582162419095e-03,6.372631582162419095e-03,-1.344410693882025498e-17,-1.624417331278956160e-04,1.000000000000002220e+00,-4.049837629141654627e-02
4.000000000000000000e+00,1.150000000000000050e-01,-4.047903940179992804e-02,6.662159585132083374e-03,6.662159585132083374e-03,-4.943961906533900219e-17,-1.775374813510691835e-04,1.000000000000007550e+00,-4.047903940179992804e-02
4.000000000000000000e+00,1.199999999999999956e-01,-4.045884617549297402e-02,6.951669288346681332e-03,6.951669288346680464e-03,2.905661822261151883e-17,-1.933028235781697598e-04,1.000000000000003997e+00,-4.045884617549297402e-02
4.000000000000000000e+00,1.250000000000000000e-01,-4.043779702793538072e-02,7.241160035955969930e-03,7.241160035955970797e-03,4.380176776841437913e-17,-2.097375946653034780e-04,1.000000000000006217e+00,-4.043779702793538072e-02
4.000000000000000000e+00,1.300000000000000044e-01,-4.041589237825951586e-02,7.530631069664881806e-03,7.530631069664881806e-03,-6.418476861114186249e-17,-2.268416172296081686e-04,1.000000000000008660e+00,-4.041589237825951586e-02
4.000000000000000000e+00,1.350000000000000089e-01,-4.039313265818809950e-02,7.820081465385469305e-03,7.820081465385469305e-03,-6.331740687315345895e-17,-2.446146965010614557e-04,1.000000000000008216e+00,-4.039313265818809950e-02
4.000000000000000000e+00,1.400000000000000133e-01,-4.036951831300352594e-02,8.109510590261548302e-03,8.109510590261548302e-03,4.857225732735059864e-17,-2.630566480542568066e-04,1.000000000000006217e+00,-4.036951831300352594e-02
4.000000000000000000e+00,1.449999999999999900e-01,-4.034504984323783461e-02,8.398917677337551166e-03,8.398917677337551166e-03,-8.326672684688674053e-17,-2.821672726027728176e-04,1.000000000000009992e+00,-4.034504984323783461e-02
4.000000000000000000e+00,1.499999999999999944e-01,-4.031972771253784782e-02,8.688301926141043033e-03,8.688301926141041298e-03,5.811323644522303766e-17,-3.019463614391445496e-04,1.000000000000006883e+00,-4.031972771253784782e-02
4.000000000000000000e+00,1.549999999999999989e-01,-4.029355239506485914e-02,8.977662397003927097e-03,8.977662397003927097e-03,-1.040834085586084257e-16,-3.223936884583131733e-04,1.000000000000011768e+00,-4.029355239506485914e-02
4.000000000000000000e+00,1.600000000000000033e-01,-4.026652445142327175e-02,9.266998634410630181e-03,9.266998634410630181e-03,6.245004513516505540e-17,-3.435090547606739486e-04,1.000000000000006661e+00,-4.026652445142327175e-02
4.000000000000000000e+00,1.650000000000000078e-01,-4.023864439761509759e-02,9.556309683696129903e-03,9.556309683696129903e-03,3.469446951953614189e-17,-3.652922190828177223e-04,1.000000000000003553e+00,-4.023864439761509759e-02
4.000000000000000000e+00,1.700000000000000122e-01,-4.020991280000325852e-02,9.845594833122452150e-03,9.845594833122452150e-03,-7.112366251504909087e-17,-3.877429504720301305e-04,1.000000000000007327e+00,-4.020991280000325852e-02
4.000000000000000000e+00,1.750000000000000167e-01,-4.018033019037317577e-02,1.013485331785492390e-02,1.013485331785492563e-02,2.862293735361731706e-17,-4.108610070977399258e-04,1.000000000000002887e+00,-4.018033019037317577e-02
4.000000000000000000e+00,1.799999999999999933e-01,-4.014989718761414333e-02,1.042408441999854996e-02,1.042408441999854996e-02,-9.540979117872439019e-17,-4.346461439810260074e-04,1.000000000000008882e+00,-4.014989718761414333e-02
4.000000000000000000e+00,1.849999999999999978e-01,-4.011861437716729428e-02,1.071328735829659914e-02,1.071328735829659914e-02,-7.112366251504909087e-17,-4.590981040857508837e-04,1.000000000000006439e+00,-4.011861437716729428e-02
4.000000000000000000e+00,1.900000000000000022e-01,-4.008648236295113410e-02,1.100246126692044392e-02,1.100246126692044392e-02,3.989863994746656317e-17,-4.842166157203384711e-04,1.000000000000003553e+00,-4.008648236295113410e-02
4.000000000000000000e+00,1.950000000000000067e-01,-4.005350181897242290e-02,1.129160567944911646e-02,1.129160567944911646e-02,-6.591949208711866959e-17,-5.100014352806701758e-04,1.000000000000005773e+00,-4.005350181897242290e-02
4.000000000000000000e+00,2.000000000000000111e-01,-4.001967335063606745e-02,1.158071964820590709e-02,1.158071964820590882e-02,-7.372574772901430151e-17,-5.364522702813694218e-04,1.000000000000006217e+00,-4.001967335063606745e-02
4.000000000000000000e+00,2.050000000000000155e-01,-3.998499763430129333e-02,1.186980244313204369e-02,1.186980244313204369e-02,4.943961906533900219e-17,-5.635688401559336156e-04,1.000000000000003997e+00,-3.998499763430129333e-02
4.000000000000000000e+00,2.099999999999999922e-01,-3.994947533853208943e-02,1.215885328183705094e-02,1.215885328183705094e-02,6.765421556309547668e-17,-5.913508525169585382e-04,1.000000000000005329e+00,-3.994947533853208943e-02
4.000000000000000000e+00,2.149999999999999967e-01,-3.991310718709456529e-02,1.244787164458269202e-02,1.244787164458269202e-02,-4.683753385137379155e-17,-6.197980339200232208e-04,1.000000000000003775e+00,-3.991310718709456529e-02
4.000000000000000000e+00,2.200000000000000011e-01,-3.987589387300576743e-02,1.273685665308614025e-02,1.273685665308613851e-02,5.464378949326942347e-17,-6.489100696050586342e-04,1.000000000000004441e+00,-3.987589387300576743e-02
4.000000000000000000e+00,2.250000000000000056e-01,-3.983783612491384463e-02,1.302580750620727611e-02,1.302580750620727611e-02,-5.377642775528101993e-17,-6.786866447550633178e-04,1.000000000000004219e+00,-3.983783612491384463e-02
4.000000000000000000e+00,2.300000000000000100e-01,-3.979893469866212230e-02,1.331472364276464065e-02,1.331472364276464065e-02,-5.984795992119984476e-17,-7.091274627327826896e-04,1.000000000000004441e+00,-3.979893469866212230e-02
4.000000000000000000e+00,2.350000000000000144e-01,-3.975919031569409567e-02,1.360360421156895337e-02,1.360360421156895511e-02,2.081668171172168513e-17,-7.402321901800664209e-04,1.000000000000001776e+00,-3.975919031569409567e-02
4.000000000000000000e+00,2.399999999999999911e-01,-3.971860379499603244e-02,1.389244859884743340e-02,1.389244859884743340e-02,4.510281037539698445e-17,-7.720005122864720404e-04,1.000000000000003553e+00,-3.971860379499603244e-02
4.000000000000000000e+00,2.449999999999999956e-01,-3.967717589029894076e-02,1.418125593366739365e-02,1.418125593366739365e-02,-1.240327285323417073e-16,-8.044320794247065021e-04,1.000000000000008882e+00,-3.967717589029894076e-02
4.000000000000000000e+00,2.500000000000000000e-01,-3.963490743127633109e-02,1.447002564658025209e-02,1.447002564658025209e-02,7.199102425303749442e-17,-8.375265688507610960e-04,1.000000000000005107e+00,-3.963490743127633109e-02
4.000000000000000000e+00,2.550000000000000044e-01,-3.959179920110469236e-02,1.475875703911604629e-02,1.475875703911604803e-02,-7.025630077706068732e-17,-8.712836373586298894e-04,1.000000000000004663e+00,-3.959179920110469236e-02
4.000000000000000000e+00,2.600000000000000089e-01,-3.954785205474325993e-02,1.504744925530230627e-02,1.504744925530230454e-02,7.285838599102589797e-17,-9.057029163635915443e-04,1.000000000000004663e+00,-3.954785205474325993e-02
4.000000000000000000e+00,2.650000000000000133e-01,-3.950306686021856639e-02,1.533610177362835364e-02,1.533610177362835364e-02,1.188285581044112860e-16,-9.407840704443470349e-04,1.000000000000007550e+00,-3.950306686021856639e-02
4.000000000000000000e+00,2.700000000000000178e-01,-3.945744448080477224e-02,1.562471373170556260e-02,1.562471373170556260e-02,5.984795992119984476e-17,-9.765267167909933354e-04,1.000000000000004219e+00,-3.945744448080477224e-02
4.000000000000000000e+00,2.750000000000000222e-01,-3.941098576204497828e-02,1.591328460475927020e-02,1.591328460475927020e-02,1.266348137463069179e-16,-1.012930507648273455e-03,1.000000000000007994e+00,-3.941098576204497828e-02
4.000000000000000000e+00,2.800000000000000266e-01,-3.936369160277754936e-02,1.620181353633429189e-02,1.620181353633429189e-02,5.377642775528101993e-17,-1.049995047464580191e-03,1.000000000000003553e+00,-3.936369160277754936e-02
4.000000000000000000e+00,2.850000000000000311e-01,-3.931556292416028137e-02,1.649029996976660722e-02,1.649029996976660722e-02,-2.602085213965210642e-17,-1.087719972371538552e-03,1.000000000000001776e+00,-3.931556292416028137e-02
4.000000000000000000e+00,2.899999999999999800e-01,-3.926660068350095595e-02,1.677874314450241919e-02,1.677874314450241572e-02,-6.071532165918824830e-17,-1.126104886036747394e-03,1.000000000000003775e+00,-3.926660068350095595e-02
4.000000000000000000e+00,2.949999999999999845e-01,-3.921680574980769551e-02,1.706714241597125092e-02,1.706714241597125092e-02,-1.543903893619358314e-16,-1.165149400988179816e-03,1.000000000000009104e+00,-3.921680574980769551e-02
4.000000000000000000e+00,2.999999999999999889e-01,-3.916617913496824033e-02,1.735549713124646259e-02,1.735549713124646259e-02,1.890848588814719733e-16,-1.204853122690817012e-03,1.000000000000011102e+00,-3.916617913496824033e-02
4.000000000000000000e+00,3.049999999999999933e-01,-3.911472174080855846e-02,1.764380650715192955e-02,1.764380650715192955e-02,-8.326672684688674053e-17,-1.245215632247267164e-03,1.000000000000004663e+00,-3.911472174080855846e-02
4.000000000000000000e+00,3.099999999999999978e-01,-3.906243461467680256e-02,1.793207005332257686e-02,1.793207005332257686e-02,-6.765421556309547668e-17,-1.286236545589073115e-03,1.000000000000003775e+00,-3.906243461467680256e-02
4.000000000000000000e+00,3.150000000000000022e-01,-3.900931873031348446e-02,1.822028690475803805e-02,1.822028690475803805e-02,1.144917494144692682e-16,-1.327915419566788905e-03,1.000000000000006217e+00,-3.900931873031348446e-02
4.000000000000000000e+00,3.200000000000000067e-01,-3.895537507413341510e-02,1.850845660234883353e-02,1.850845660234883006e-02,-9.714451465470119729e-17,-1.370251863204120010e-03,1.000000000000005329e+00,-3.895537507413341510e-02
4.000000000000000000e+00,3.250000000000000111e-01,-3.890060468437506191e-02,1.879657831137915638e-02,1.879657831137915985e-02,5.724587470723463412e-17,-1.413245424863237513e-03,1.000000000000003331e+00,-3.890060468437506191e-02
4.000000000000000000e+00,3.300000000000000155e-01,-3.884500860797383132e-02,1.908465155074460726e-02,1.908465155074460379e-02,-8.500145032286354763e-17,-1.456895699253353939e-03,1.000000000000004663e+00,-3.884500860797383132e-02
4.000000000000000000e+00,3.350000000000000200e-01,-3.878858790217445951e-02,1.937267550978797465e-02,1.937267550978797465e-02,8.673617379884035472e-17,-1.501202225630155060e-03,1.000000000000004441e+00,-3.878858790217445951e-02
4.000000000000000000e+00,3.400000000000000244e-01,-3.873134357081088608e-02,1.966064970812677476e-02,1.966064970812677476e-02,2.602085213965210642e-17,-1.546164587782661564e-03,1.000000000000001554e+00,-3.873134357081088608e-02
4.000000000000000000e+00,3.450000000000000289e-01,-3.867327675893849487e-02,1.994857343938109470e-02,1.994857343938109123e-02,-3.642919299551294898e-17,-1.591782329065523230e-03,1.000000000000001776e+00,-3.867327675893849487e-02
4.000000000000000000e+00,3.500000000000000333e-01,-3.861438852430432167e-02,2.023644595741796656e-02,2.023644595741796656e-02,1.387778780781445676e-17,-1.638054979949991928e-03,1.000000000000000888e+00,-3.861438852430432167e-02
4.000000000000000000e+00,3.549999999999999822e-01,-3.855467998834341548e-02,2.052426683422424805e-02,2.052426683422424458e-02,-2.949029909160572061e-17,-1.684982116329749452e-03,1.000000000000001110e+00,-3.855467998834341548e-02
4.000000000000000000e+00,3.599999999999999867e-01,-3.849415227296074105e-02,2.081203523547538875e-02,2.081203523547538875e-02,9.540979117872439019e-17,-1.732563242570676117e-03,1.000000000000004441e+00,-3.849415227296074105e-02
4.000000000000000000e+00,3.649999999999999911e-01,-3.843280648134228539e-02,2.109975077380155800e-02,2.109975077380155800e-02,4.683753385137379155e-17,-1.780797930866158006e-03,1.000000000000002665e+00,-3.843280648134228539e-02
4.000000000000000000e+00,3.699999999999999956e-01,-3.837064373978544413e-02,2.138741260437802480e-02,2.138741260437802480e-02,-5.898059818321144121e-17,-1.829685671639632097e-03,1.000000000000003331e+00,-3.837064373978544413e-02
4.000000000000000000e+00,3.750000000000000000e-01,-3.830766528842058372e-02,2.167502031588872113e-02,2.167502031588872113e-02,1.092875789865388469e-16,-1.879226022776754991e-03,1.000000000000005107e+00,-3.830766528842058372e-02
4.000000000000000000e+00,3.800000000000000044e-01,-3.824387220912840724e-02,2.196257319179197379e-02,2.196257319179197032e-02,-5.030698080332740574e-17,-1.929418484819277625e-03,1.000000000000002220e+00,-3.824387220912840724e-02
4.000000000000000000e+00,3.850000000000000089e-01,-3.817926571107081724e-02,2.225007051441591291e-02,2.225007051441591291e-02,-5.204170427930421283e-17,-1.980262551585921463e-03,1.000000000000002442e+00,-3.817926571107081724e-02
4.000000000000000000e+00,3.900000000000000133e-01,-3.811384701520209584e-02,2.253751198706853073e-02,2.253751198706853073e-02,5.898059818321144121e-17,-2.031757786269030707e-03,1.000000000000002665e+00,-3.811384701520209584e-02
4.000000000000000000e+00,3.950000000000000178e-01,-3.804761734041408466e-02,2.282489688580900331e-02,2.282489688580900331e-02,7.979727989493312634e-17,-2.083903671391254021e-03,1.000000000000003775e+00,-3.804761734041408466e-02
4.000000000000000000e+00,4.000000000000000222e-01,-3.798057784585315289e-02,2.311222450954634328e-02,2.311222450954634328e-02,6.765421556309547668e-17,-2.136699687118699328e-03,1.000000000000003109e+00,-3.798057784585315289e-02
4.000000000000000000e+00,4.050000000000000266e-01,-3.791272976646545972e-02,2.339949431956735854e-02,2.339949431956735854e-02,-2.255140518769849223e-17,-2.190145337645860169e-03,1.000000000000001110e+00,-3.791272976646545972e-02
4.000000000000000000e+00,4.100000000000000311e-01,-3.784407439898642561e-02,2.368670577830040563e-02,2.368670577830040910e-02,-1.040834085586084257e-17,-2.244240122511080050e-03,1.000000000000000666e+00,-3.784407439898642561e-02
4.000000000000000000e+00,4.150000000000000355e-01,-3.777461299072944895e-02,2.397385843479726483e-02,2.397385843479726483e-02,-5.898059818321144121e-17,-2.298983553006799744e-03,1.000000000000002887e+00,-3.777461299072944895e-02
4.000000000000000000e+00,4.199999999999999845e-01,-3.770434678876594115e-02,2.426095148819277375e-02,2.426095148819277375e-02,1.266348137463069179e-16,-2.354375068449772890e-03,1.000000000000005551e+00,-3.770434678876594115e-02
4.000000000000000000e+00,4.249999999999999889e-01,-3.763327705225632397e-02,2.454798449389775788e-02,2.454798449389775788e-02,5.898059818321144121e-17,-2.410414170850578956e-03,1.000000000000002442e+00,-3.763327705225632397e-02
4.000000000000000000e+00,4.299999999999999933e-01,-3.756140510413513711e-02,2.483495694985934921e-02,2.483495694985934921e-02,-5.551115123125782702e-17,-2.467100346805468740e-03,1.000000000000002220e+00,-3.756140510413513711e-02
4.000000000000000000e+00,4.349999999999999978e-01,-3.748873224697778922e-02,2.512186819856846581e-02,2.512186819856846581e-02,2.949029909160572061e-17,-2.524433047144981901e-03,1.000000000000000888e+00,-3.748873224697778922e-02
4.000000000000000000e+00,4.400000000000000022e-01,-3.741525979630636045e-02,2.540871768069606976e-02,2.540871768069606629e-02,5.551115123125782702e-17,-2.582411736709267543e-03,1.000000000000002220e+00,-3.741525979630636045e-02
4.000000000000000000e+00,4.450000000000000067e-01,-3.734098906911634264e-02,2.569550501526001937e-02,2.569550501526001590e-02,6.071532165918824830e-17,-2.641035911957010686e-03,1.000000000000002665e+00,-3.734098906911634264e-02
4.000000000000000000e+00,4.500000000000000111e-01,-3.726592139163484307e-02,2.598222953192659210e-02,2.598222953192659210e-02,3.816391647148975608e-17,-2.700305005798873167e-03,1.000000000000001332e+00,-3.726592139163484307e-02
4.000000000000000000e+00,4.550000000000000155e-01,-3.719005812891429397e-02,2.626889065748981913e-02,2.626889065748981913e-02,-6.591949208711866959e-17,-2.760218465500623771e-03,1.000000000000002665e+00,-3.719005812891429397e-02
4.000000000000000000e+00,4.600000000000000200e-01,-3.711340066243584701e-02,2.655548795193201500e-02,2.655548795193201153e-02,-3.816391647148975608e-17,-2.820775761460824708e-03,1.000000000000001110e+00,-3.711340066243584701e-02
4.000000000000000000e+00,4.650000000000000244e-01,-3.703595031523661263e-02,2.684202088986458942e-02,2.684202088986459289e-02,-1.266348137463069179e-16,-2.881976341807708508e-03,1.000000000000004663e+00,-3.703595031523661263e-02
4.000000000000000000e+00,4.700000000000000289e-01,-3.695770847375760837e-02,2.712848901687858055e-02,2.712848901687857708e-02,8.673617379884035472e-17,-2.943819665355606411e-03,1.000000000000003331e+00,-3.695770847375760837e-02
4.000000000000000000e+00,4.750000000000000333e-01,-3.687867654803586581e-02,2.741489151782410330e-02,2.741489151782409983e-02,1.023486850826316186e-16,-3.006305107736255595e-03,1.000000000000003553e+00,-3.687867654803586581e-02
4.000000000000000000e+00,4.799999999999999822e-01,-3.679885595244587748e-02,2.770122828461471509e-02,2.770122828461471509e-02,6.938893903907228378e-17,-3.069432193905353122e-03,1.000000000000002665e+00,-3.679885595244587748e-02
4.000000000000000000e+00,4.849999999999999867e-01,-3.671824810545355061e-02,2.798749863012886183e-02,2.798749863012886183e-02,-9.020562075079396891e-17,-3.133200318285859522e-03,1.000000000000003109e+00,-3.671824810545355061e-02
4.000000000000000000e+00,4.899999999999999911e-01,-3.663685438646942932e-02,2.827370202667494475e-02,2.827370202667494475e-02,5.030698080332740574e-17,-3.197608905172811058e-03,1.000000000000001776e+00,-3.663685438646942932e-02
4.000000000000000000e+00,4.949999999999999956e-01,-3.655467621601096728e-02,2.855983794705249310e-02,2.855983794705248963e-02,-1.231653667943533037e-16,-3.262657374247597726e-03,1.000000000000004441e+00,-3.655467621601096728e-02
4.000000000000000000e+00,5.000000000000000000e-01,-3.647171512665358523e-02,2.884590615055210305e-02,2.884590615055210999e-02,-4.683753385137379155e-17,-3.328345206585839929e-03,1.000000000000001776e+00,-3.647171512665358523e-02
4.000000000000000000e+00,5.050000000000000044e-01,-3.638797251434265634e-02,2.913190594239729522e-02,2.913190594239729869e-02,1.214306433183764966e-16,-3.394671775346732277e-03,1.000000000000004663e+00,-3.638797251434265634e-02
4.000000000000000000e+00,5.100000000000000089e-01,-3.630344981156891082e-02,2.941783680269581883e-02,2.941783680269582230e-02,-6.071532165918824830e-17,-3.461636488600178686e-03,1.000000000000002220e+00,-3.630344981156891082e-02
4.000000000000000000e+00,5.150000000000000133e-01,-3.621814853018933550e-02,2.970369839234506676e-02,2.970369839234506676e-02,5.377642775528101993e-17,-3.529238792733611907e-03,1.000000000000001998e+00,-3.621814853018933550e-02
4.000000000000000000e+00,5.200000000000000178e-01,-3.613207016423244933e-02,2.998949026036739143e-02,-2.998949026036738796e-02,3.989863994746656317e-17,-3.597478104306682089e-03,1.000000000000001110e+00,-3.613207016423244933e-02
4.000000000000000000e+00,5.250000000000000222e-01,-3.604521617721753723e-02,3.027521179042763633e-02,-3.027521179042763633e-02,-3.642919299551294898e-17,-3.666353795820993973e-03,1.000000000000000888e+00,-3.604521617721753723e-02
4.000000000000000000e+00,5.300000000000000266e-01,-3.595758809214420759e-02,3.056086272440200133e-02,-3.056086272440200480e-02,6.765421556309547668e-17,-3.735865321838976148e-03,1.000000000000002442e+00,-3.595758809214420759e-02
4.000000000000000000e+00,5.350000000000000311e-01,-3.586918739996104027e-02,3.084644248387899759e-02,-3.084644248387899759e-02,4.857225732735059864e-17,-3.806012055645020386e-03,1.000000000000001554e+00,-3.586918739996104027e-02
4.000000000000000000e+00,5.400000000000000355e-01,-3.578001565613388169e-02,3.113195065077602880e-02,-3.113195065077602880e-02,4.683753385137379155e-17,-3.876793405289415649e-03,1.000000000000001554e+00,-3.578001565613388169e-02
4.000000000000000000e+00,5.450000000000000400e-01,-3.569007433832545317e-02,3.141738680233889525e-02,-3.141738680233889525e-02,-1.006139616066548115e-16,-3.948208773951112326e-03,1.000000000000003331e+00,-3.569007433832545317e-02
4.000000000000000000e+00,5.500000000000000444e-01,-3.559936498234510943e-02,3.170275050887781665e-02,-3.170275050887781665e-02,1.075528555105620399e-16,-4.020257559312611154e-03,1.000000000000003775e+00,-3.559936498234510943e-02
4.000000000000000000e+00,5.550000000000000488e-01,-3.550788918931041538e-02,3.198804137262289959e-02,-3.198804137262289959e-02,7.285838599102589797e-17,-4.092939163426538227e-03,1.000000000000002442e+00,-3.550788918931041538e-02
4.000000000000000000e+00,5.600000000000000533e-01,-3.541564848418120304e-02,3.227325893488565411e-02,-3.227325893488565411e-02,1.110223024625156540e-16,-4.166252969112707247e-03,1.000000000000003331e+00,-3.541564848418120304e-02
4.000000000000000000e+00,5.650000000000000577e-01,-3.532264443400327802e-02,3.255840265407915213e-02,-3.255840265407915213e-02,1.387778780781445676e-17,-4.240198333540593292e-03,1.000000000000000444e+00,-3.532264443400327802e-02
4.000000000000000000e+00,5.700000000000000622e-01,-3.522887859774183339e-02,3.284347232660545651e-02,-3.284347232660544957e-02,-3.122502256758252770e-17,-4.314774697873992489e-03,1.000000000000000888e+00,-3.522887859774183339e-02
4.000000000000000000e+00,5.750000000000000666e-01,-3.513435254565952515e-02,3.312846751211282609e-02,-3.312846751211282609e-02,6.938893903907228378e-17,-4.389981438804460047e-03,1.000000000000002220e+00,-3.513435254565952515e-02
4.000000000000000000e+00,5.799999999999999600e-01,-3.503906790257123316e-02,3.341338775796501293e-02,-3.341338775796501293e-02,3.122502256758252770e-17,-4.465817925856503841e-03,1.000000000000000888e+00,-3.503906790257123316e-02
4.000000000000000000e+00,5.849999999999999645e-01,-3.494302623528613982e-02,3.369823250486081445e-02,-3.369823250486081445e-02,2.081668171172168513e-17,-4.542283495806632120e-03,1.000000000000000444e+00,-3.494302623528613982e-02
4.000000000000000000e+00,5.899999999999999689e-01,-3.484622919125700269e-02,3.398300176202225659e-02,-3.398300176202226353e-02,-3.469446951953614189e-18,-4.619377635030431917e-03,1.000000000000000000e+00,-3.484622919125700269e-02
4.000000000000000000e+00,5.949999999999999734e-01,-3.474867830284568415e-02,3.426769482105589820e-02,-3.426769482105589126e-02,1.006139616066548115e-16,-4.697099633396083565e-03,1.000000000000002887e+00,-3.474867830284568415e-02
4.000000000000000000e+00,5.999999999999999778e-01,-3.465037527315965871e-02,3.455231135467176640e-02,-3.455231135467176640e-02,-4.510281037539698445e-17,-4.775448879800719103e-03,1.000000000000001332e+00,-3.465037527315965871e-02
4.000000000000000000e+00,6.049999999999999822e-01,-3.455132167324742598e-02,3.483685112350110025e-02,-3.483685112350110025e-02,-1.526556658859590243e-16,-4.854424784803919313e-03,1.000000000000004663e+00,-3.455132167324742598e-02
4.000000000000000000e+00,6.099999999999999867e-01,-3.445151916411807319e-02,3.512131367681997629e-02,-3.512131367681997629e-02,-4.857225732735059864e-17,-4.934026697542327929e-03,1.000000000000001554e+00,-3.445151916411807319e-02
4.000000000000000000e+00,6.149999999999999911e-01,-3.435096935765840492e-02,3.540569859696351962e-02,-3.540569859696351962e-02,4.857225732735059864e-17,-5.014253972556097921e-03,1.000000000000001110e+00,-3.435096935765840492e-02
4.000000000000000000e+00,6.199999999999999956e-01,-3.424967392492037771e-02,3.569000557454404809e-02,-3.569000557454404809e-02,-4.510281037539698445e-17,-5.095105991643939652e-03,1.000000000000001554e+00,-3.424967392492037771e-02
4.000000000000000000e+00,6.250000000000000000e-01,-3.414763454088338979e-02,3.597423421387193482e-02,-3.597423421387194176e-02,-2.428612866367529932e-17,-5.176582109098057730e-03,1.000000000000000888e+00,-3.414763454088338979e-02
4.000000000000000000e+00,6.300000000000000044e-01,-3.404485285593222138e-02,3.625838431498659004e-02,-3.625838431498659004e-02,-4.857225732735059864e-17,-5.258681732533062279e-03,1.000000000000001554e+00,-3.404485285593222138e-02
4.000000000000000000e+00,6.350000000000000089e-01,-3.394133051010890523e-02,3.654245535732648237e-02,-3.654245535732647543e-02,-9.367506770274758310e-17,-5.341404174168794955e-03,1.000000000000002442e+00,-3.394133051010890523e-02
4.000000000000000000e+00,6.400000000000000133e-01,-3.383706918152960125e-02,3.682644714383622592e-02,-3.682644714383622592e-02,2.081668171172168513e-17,-5.424748836951053671e-03,1.000000000000000666e+00,-3.383706918152960125e-02
4.000000000000000000e+00,6.450000000000000178e-01,-3.373207060407906743e-02,3.711035929543671230e-02,-3.711035929543671230e-02,-5.204170427930421283e-17,-5.508715068145625393e-03,1.000000000000001332e+00,-3.373207060407906743e-02
4.000000000000000000e+00,6.500000000000000222e-01,-3.362633643753430018e-02,3.739419140497841215e-02,-3.739419140497841909e-02,-1.214306433183764966e-16,-5.593302203328646104e-03,1.000000000000003553e+00,-3.362633643753430018e-02
4.000000000000000000e+00,6.550000000000000266e-01,-3.351986834139942389e-02,3.767794320994333895e-02,-3.767794320994333201e-02,-7.285838599102589797e-17,-5.678509618126860448e-03,1.000000000000001998e+00,-3.351986834139942389e-02
4.000000000000000000e+00,6.600000000000000311e-01,-3.341266808158198376e-02,3.796161450393858994e-02,-3.796161450393858994e-02,-1.283695372222837250e-16,-5.764336702982562032e-03,1.000000000000003553e+00,-3.341266808158198376e-02
4.000000000000000000e+00,6.650000000000000355e-01,-3.330473735155199677e-02,3.824520483243724206e-02,-3.824520483243724206e-02,-8.326672684688674053e-17,-5.850782770700323557e-03,1.000000000000002220e+00,-3.330473735155199677e-02
4.000000000000000000e+00,6.700000000000000400e-01,-3.319607782846820815e-02,3.852871396640299845e-02,-3.852871396640300539e-02,-1.561251128379126385e-16,-5.937847199619591260e-03,1.000000000000003997e+00,-3.319607782846820815e-02
4.000000000000000000e+00,6.750000000000000444e-01,-3.308669122527449491e-02,3.881214153777769182e-02,-3.881214153777769182e-02,-8.326672684688674053e-17,-6.025529322993953586e-03,1.000000000000002220e+00,-3.308669122527449491e-02
4.000000000000000000e+00,6.800000000000000488e-01,-3.297657932748286613e-02,3.909548738989796629e-02,-3.909548738989797323e-02,9.714451465470119729e-17,-6.113828537014686162e-03,1.000000000000002665e+00,-3.297657932748286613e-02
4.000000000000000000e+00,6.850000000000000533e-01,-3.286574385529150710e-02,3.937875113849623188e-02,-3.937875113849623188e-02,1.318389841742373392e-16,-6.202744164910472917e-03,1.000000000000003109e+00,-3.286574385529150710e-02
4.000000000000000000e+00,6.900000000000000577e-01,-3.275418649781399599e-02,3.966193243750244790e-02,-3.966193243750244790e-02,-1.561251128379126385e-16,-6.292275538708034729e-03,1.000000000000003997e+00,-3.275418649781399599e-02
4.000000000000000000e+00,6.950000000000000622e-01,-3.264190902249271276e-02,3.994503116931081427e-02,-3.994503116931080733e-02,-1.283695372222837250e-16,-6.382422060468849120e-03,1.000000000000003331e+00,-3.264190902249271276e-02
4.000000000000000000e+00,7.000000000000000666e-01,-3.252891315424717711e-02,4.022804688911003207e-02,-4.022804688911003901e-02,-8.673617379884035472e-17,-6.473183026049742633e-03,1.000000000000002220e+00,-3.252891315424717711e-02
4.000000000000000000e+00,7.049999999999999600e-01,-3.241520070285577870e-02,4.051097951284050869e-02,-4.051097951284050869e-02,-9.367506770274758310e-17,-6.564557844359132470e-03,1.000000000000002220e+00,-3.241520070285577870e-02
4.000000000000000000e+00,7.099999999999999645e-01,-3.230077337014759797e-02,4.079382859325414445e-02,-4.079382859325414445e-02,6.591949208711866959e-17,-6.656545805183196850e-03,1.000000000000001554e+00,-3.230077337014759797e-02
4.000000000000000000e+00,7.149999999999999689e-01,-3.218563298771220244e-02,4.107659405248806350e-02,-4.107659405248806350e-02,3.816391647148975608e-17,-6.749146315811589691e-03,1.000000000000001110e+00,-3.218563298771220244e-02
4.000000000000000000e+00,7.199999999999999734e-01,-3.206978125016467229e-02,4.135927555194207628e-02,-4.135927555194207628e-02,1.075528555105620399e-16,-6.842358696725892898e-03,1.000000000000002665e+00,-3.206978125016467229e-02
4.000000000000000000e+00,7.249999999999999778e-01,-3.195321992452943016e-02,4.164187273375770382e-02,-4.164187273375770382e-02,-1.006139616066548115e-16,-6.936182259097892384e-03,1.000000000000002665e+00,-3.195321992452943016e-02
4.000000000000000000e+00,7.299999999999999822e-01,-3.183595085601487878e-02,4.192438552569499599e-02,-4.192438552569499599e-02,2.775557561562891351e-17,-7.030616406828416390e-03,1.000000000000000444e+00,-3.183595085601487878e-02
4.000000000000000000e+00,7.349999999999999867e-01,-3.171797578020935093e-02,4.220681368979116443e-02,-4.220681368979116443e-02,-1.283695372222837250e-16,-7.125660487378972924e-03,1.000000000000003331e+00,-3.171797578020935093e-02
4.000000000000000000e+00,7.399999999999999911e-01,-3.159929648149011061e-02,4.248915695185419283e-02,-4.248915695185419283e-02,-1.353084311261909534e-16,-7.221313833917196619e-03,1.000000000000003331e+00,-3.159929648149011061e-02
4.000000000000000000e+00,7.449999999999999956e-01,-3.147991475014087770e-02,4.277141498883312715e-02,-4.277141498883313409e-02,-1.214306433183764966e-16,-7.317575760587917942e-03,1.000000000000002887e+00,-3.147991475014087770e-02
4.000000000000000000e+00,7.500000000000000000e-01,-3.135983240586839860e-02,4.305358777269407966e-02,-4.305358777269407966e-02,-5.551115123125782702e-17,-7.414445680404292346e-03,1.000000000000001554e+00,-3.135983240586839860e-02
4.000000000000000000e+00,7.550000000000000044e-01,-3.123905124379521697e-02,4.333567487335322072e-02,-4.333567487335322072e-02,1.387778780781445676e-17,-7.511922866915910456e-03,1.000000000000000222e+00,-3.123905124379521697e-02
4.000000000000000000e+00,7.600000000000000089e-01,-3.111757304459370627e-02,4.361767628947533365e-02,-4.361767628947533365e-02,2.081668171172168513e-17,-7.610006739573835222e-03,1.000000000000000444e+00,-3.111757304459370627e-02
4.000000000000000000e+00,7.650000000000000133e-01,-3.099539958272892748e-02,4.389959164141250814e-02,-4.389959164141250814e-02,1.734723475976807094e-17,-7.708696585131098213e-03,1.000000000000000222e+00,-3.099539958272892748e-02
4.000000000000000000e+00,7.700000000000000178e-01,-3.087253275016901832e-02,4.418142089018066432e-02,-4.418142089018066432e-02,-2.428612866367529932e-17,-7.807991807501171201e-03,1.000000000000000888e+00,-3.087253275016901832e-02
4.000000000000000000e+00,7.750000000000000222e-01,-3.074897431313439872e-02,4.446316373098598007e-02,-4.446316373098598007e-02,1.526556658859590243e-16,-7.907891715873869090e-03,1.000000000000003331e+00,-3.074897431313439872e-02
4.000000000000000000e+00,7.800000000000000266e-01,-3.062472606275254416e-02,4.474481989403485821e-02,-4.474481989403486515e-02,1.144917494144692682e-16,-8.008395629398472326e-03,1.000000000000002665e+00,-3.062472606275254416e-02
4.000000000000000000e+00,7.850000000000000311e-01,-3.049978987270460240e-02,4.502638940170612669e-02,-4.502638940170612669e-02,3.122502256758252770e-17,-8.109502970216293793e-03,1.000000000000000444e+00,-3.049978987270460240e-02
4.000000000000000000e+00,7.900000000000000355e-01,-3.037416757344415033e-02,4.530787205356449909e-02,-4.530787205356449909e-02,-7.285838599102589797e-17,-8.211213080088685876e-03,1.000000000000001776e+00,-3.037416757344415033e-02
4.000000000000000000e+00,7.950000000000000400e-01,-3.024786092491626999e-02,4.558926745079533438e-02,-4.558926745079533438e-02,1.179611963664228824e-16,-8.313525226800587420e-03,1.000000000000002665e+00,-3.024786092491626999e-02
4.000000000000000000e+00,8.000000000000000444e-01,-3.012087176955602699e-02,4.587057561981290610e-02,-4.587057561981290610e-02,-8.673617379884035472e-17,-8.416438830771895765e-03,1.000000000000001776e+00,-3.012087176955602699e-02
4.000000000000000000e+00,8.050000000000000488e-01,-2.999320199773748002e-02,4.615179638289577252e-02,-4.615179638289576558e-02,7.285838599102589797e-17,-8.519953237473083113e-03,1.000000000000001554e+00,-2.999320199773748002e-02
4.000000000000000000e+00,8.100000000000000533e-01,-2.986485343054406244e-02,4.643292951688181291e-02,-4.643292951688181291e-02,1.977584762613560088e-16,-8.624067774078855719e-03,1.000000000000004441e+00,-2.986485343054406244e-02
4.000000000000000000e+00,8.150000000000000577e-01,-2.973582783789038148e-02,4.671397472499212028e-02,-4.671397472499212028e-02,-6.245004513516505540e-17,-8.728781738428810846e-03,1.000000000000001554e+00,-2.973582783789038148e-02
4.000000000000000000e+00,8.200000000000000622e-01,-2.960612713267513074e-02,4.699493219107235553e-02,-4.699493219107235553e-02,-1.700029006457270953e-16,-8.834094606573956662e-03,1.000000000000003553e+00,-2.960612713267513074e-02
4.000000000000000000e+00,8.250000000000000666e-01,-2.947575311991458905e-02,4.727580158901373980e-02,-4.727580158901374674e-02,3.816391647148975608e-17,-8.940005663535177324e-03,1.000000000000001110e+00,-2.947575311991458905e-02
4.000000000000000000e+00,8.300000000000000711e-01,-2.934470767359786264e-02,4.755658277912512555e-02,-4.755658277912512555e-02,-5.898059818321144121e-17,-9.046514262511122506e-03,1.000000000000001554e+00,-2.934470767359786264e-02
4.000000000000000000e+00,8.349999999999999645e-01,-2.921299263177984384e-02,4.783727554026511591e-02,-4.783727554026510898e-02,4.510281037539698445e-17,-9.153619724460987719e-03,1.000000000000001110e+00,-2.921299263177984384e-02
4.000000000000000000e+00,8.399999999999999689e-01,-2.908060985302594187e-02,4.811787982678427528e-02,-4.811787982678427528e-02,7.632783294297951215e-17,-9.261321436099412968e-03,1.000000000000001554e+00,-2.908060985302594187e-02
4.000000000000000000e+00,8.449999999999999734e-01,-2.894756117087761427e-02,4.839839563896231045e-02,-4.839839563896231045e-02,3.469446951953614189e-17,-9.369618801702103705e-03,1.000000000000000444e+00,-2.894756117087761427e-02
4.000000000000000000e+00,8.499999999999999778e-01,-2.881384844289331879e-02,4.867882256038663646e-02,-4.867882256038663646e-02,5.551115123125782702e-17,-9.478511063462428249e-03,1.000000000000000888e+00,-2.881384844289331879e-02
4.000000000000000000e+00,8.549999999999999822e-01,-2.867947355029440079e-02,4.895916073690002868e-02,-4.895916073690002868e-02,8.673617379884035472e-17,-9.587997680246455531e-03,1.000000000000001998e+00,-2.867947355029440079e-02
4.000000000000000000e+00,8.599999999999999867e-01,-2.854443833060548580e-02,4.923940996717243029e-02,-4.923940996717243029e-02,-8.326672684688674053e-17,-9.698077975661118996e-03,1.000000000000001776e+00,-2.854443833060548580e-02
4.000000000000000000e+00,8.649999999999999911e-01,-2.840874463790853816e-02,4.951957010198256015e-02,-4.951957010198256015e-02,-9.367506770274758310e-17,-9.808751292340661329e-03,1.000000000000002220e+00,-2.840874463790853816e-02
4.000000000000000000e+00,8.699999999999999956e-01,-2.827239432449914908e-02,4.979964093218013782e-02,-4.979964093218014476e-02,2.428612866367529932e-17,-9.920016947896287754e-03,1.000000000000000666e+00,-2.827239432449914908e-02
4.000000000000000000e+00,8.750000000000000000e-01,-2.813538931041102004e-02,5.007962262460060460e-02,-5.007962262460061154e-02,-7.285838599102589797e-17,-1.003187440888963708e-02,1.000000000000001554e+00,-2.813538931041102004e-02
4.000000000000000000e+00,8.800000000000000044e-01,-2.799773145192552617e-02,5.035951499566813233e-02,-5.035951499566813233e-02,1.318389841742373392e-16,-1.014432300239569325e-02,1.000000000000002665e+00,-2.799773145192552617e-02
4.000000000000000000e+00,8.850000000000000089e-01,-2.785942254934715978e-02,5.063931777220601754e-02,-5.063931777220602448e-02,-2.428612866367529932e-17,-1.025736201773784148e-02,1.000000000000000666e+00,-2.785942254934715978e-02
4.000000000000000000e+00,8.900000000000000133e-01,-2.772046450772493870e-02,5.091903103859313912e-02,-5.091903103859314605e-02,3.122502256758252770e-17,-1.037099088763684777e-02,1.000000000000000444e+00,-2.772046450772493870e-02
4.000000000000000000e+00,8.950000000000000178e-01,-2.758085919842419298e-02,5.119865462044391469e-02,-5.119865462044391469e-02,-3.469446951953614189e-18,-1.048520893977401142e-02,1.000000000000000222e+00,-2.758085919842419298e-02
4.000000000000000000e+00,9.000000000000000222e-01,-2.744060853865195465e-02,5.147818861475430413e-02,-5.147818861475429719e-02,-3.122502256758252770e-17,-1.060001561222487752e-02,1.000000000000000666e+00,-2.744060853865195465e-02
4.000000000000000000e+00,9.050000000000000266e-01,-2.729971432679076035e-02,5.175763268161980707e-02,-5.175763268161980013e-02,5.898059818321144121e-17,-1.071541016322191328e-02,1.000000000000000888e+00,-2.729971432679076035e-02
4.000000000000000000e+00,9.100000000000000311e-01,-2.715817845420371440e-02,5.203698694250804418e-02,-5.203698694250805112e-02,-5.898059818321144121e-17,-1.083139204021901260e-02,1.000000000000001554e+00,-2.715817845420371440e-02
4.000000000000000000e+00,9.150000000000000355e-01,-2.701600285434763160e-02,5.231625129793766177e-02,-5.231625129793777973e-02,1.387778780781445676e-16,-1.094796059947590605e-02,1.000000000000002665e+00,-2.701600285434763160e-02
4.000000000000000000e+00,9.200000000000000400e-01,-2.687318931513393502e-02,5.259542559594040934e-02,-5.259542559594029137e-02,-1.179611963664228824e-16,-1.106511517447236401e-02,1.000000000000002220e+00,-2.687318931513393502e-02
4.000000000000000000e+00,9.250000000000000444e-01,-2.672973973712081119e-02,5.287450989702127679e-02,-5.287450989702136006e-02,-7.285838599102589797e-17,-1.118285518740083813e-02,1.000000000000001554e+00,-2.672973973712081119e-02
4.000000000000000000e+00,9.300000000000000488e-01,-2.658565603806185840e-02,5.315350410781494173e-02,-5.315350410781505275e-02,-7.285838599102589797e-17,-1.130117999575804867e-02,1.000000000000001554e+00,-2.658565603806185840e-02
4.000000000000000000e+00,9.350000000000000533e-01,-2.644094006511821943e-02,5.343240809032638594e-02,-5.343240809032619859e-02,-1.040834085586084257e-16,-1.142008893732462602e-02,1.000000000000001776e+00,-2.644094006511821943e-02
4.000000000000000000e+00,9.400000000000000577e-01,-2.629559367909529294e-02,5.371122185111163599e-02,-5.371122185111164293e-02,-5.551115123125782702e-17,-1.153958141095733081e-02,1.000000000000000888e+00,-2.629559367909529294e-02
4.000000000000000000e+00,9.450000000000000622e-01,-2.614961878565815606e-02,5.398994547469786881e-02,-5.398994547469791044e-02,4.857225732735059864e-17,-1.165965684944341406e-02,1.000000000000001110e+00,-2.614961878565815606e-02
4.000000000000000000e+00,9.500000000000000666e-01,-2.600301722051863440e-02,5.426857880902980630e-02,-5.426857880902984099e-02,-1.734723475976807094e-17,-1.178031458380753016e-02,1.000000000000000666e+00,-2.600301722051863440e-02
4.000000000000000000e+00,9.550000000000000711e-01,-2.585579092933211129e-02,5.454712178110274201e-02,-5.454712178110263099e-02,1.422473250300981817e-16,-1.190155397840976514e-02,1.000000000000002665e+00,-2.585579092933211129e-02
4.000000000000000000e+00,9.599999999999999645e-01,-2.570794170922643257e-02,5.482557432045873091e-02,-5.482557432045889051e-02,4.857225732735059864e-17,-1.202337439827264563e-02,1.000000000000001110e+00,-2.570794170922643257e-02
4.000000000000000000e+00,9.649999999999999689e-01,-2.555947153667138816e-02,5.510393666492720277e-02,-5.510393666492710563e-02,-7.979727989493312634e-17,-1.214577534388918897e-02,1.000000000000001554e+00,-2.555947153667138816e-02
4.000000000000000000e+00,9.699999999999999734e-01,-2.541038219287822947e-02,5.538220852211275108e-02,-5.538220852211282047e-02,-1.318389841742373392e-16,-1.226875608314714414e-02,1.000000000000002220e+00,-2.541038219287822947e-02
4.000000000000000000e+00,9.749999999999999778e-01,-2.526067559669813167e-02,5.566038993195171480e-02,-5.566038993195170786e-02,1.249000902703301108e-16,-1.239231602950764503e-02,1.000000000000002220e+00,-2.526067559669813167e-02
4.000000000000000000e+00,9.799999999999999822e-01,-2.511035364779253681e-02,5.593848098700380383e-02,-5.593848098700372751e-02,6.591949208711866959e-17,-1.251645462053351150e-02,1.000000000000001110e+00,-2.511035364779253681e-02
4.000000000000000000e+00,9.849999999999999867e-01,-2.495941819186398014e-02,5.621648161974451829e-02,-5.621648161974455993e-02,3.122502256758252770e-17,-1.264117122281230993e-02,1.000000000000000444e+00,-2.495941819186398014e-02
4.000000000000000000e+00,9.899999999999999911e-01,-2.480787108636321042e-02,5.649439173379287860e-02,-5.649439173379304513e-02,3.816391647148975608e-17,-1.276646518948505379e-02,1.000000000000000444e+00,-2.480787108636321042e-02
4.000000000000000000e+00,9.949999999999999956e-01,-2.465571423419912755e-02,5.677221134896773963e-02,-5.677221134896775351e-02,-9.020562075079396891e-17,-1.289233592580745283e-02,1.000000000000001554e+00,-2.465571423419912755e-02
4.000000000000000000e+00,1.000000000000000000e+00,-2.450294953323698538e-02,5.704994064021121081e-02,-5.704994064021114836e-02,6.938893903907228378e-17,-1.301878290820646274e-02,1.000000000000001110e+00,-2.450294953323698538e-02
5.000000000000000000e+00,0.000000000000000000e+00,-2.442302465416001933e-02,0.000000000000000000e+00,2.439454888092384977e-17,2.439454888092384977e-17,5.316048051957669988e-26,1.000211628564100730e+00,-2.442302465416001933e-02
5.000000000000000000e+00,5.000000000000000104e-03,-2.442264366569352196e-02,2.257853430761247405e-04,2.257853430761248489e-04,6.317911471764858788e-12,-2.039160845920134271e-07,1.000000027981938544e+00,-2.442264366569352196e-02
5.000000000000000000e+00,1.000000000000000021e-02,-2.442150064020720546e-02,4.515707580479924209e-04,-4.515707580479925293e-04,1.068031600659491431e-11,-8.156645980961540050e-07,1.000000023651478553e+00,-2.442150064020720546e-02
5.000000000000000000e+00,1.499999999999999944e-02,-2.441959563699703378e-02,6.773566168979804503e-04,-6.773566168979811009e-04,3.027497523511168964e-11,-1.835247945821909721e-06,1.000000044695770862e+00,-2.441959563699703378e-02
5.000000000000000000e+00,2.000000000000000042e-02,-2.441692865756334152e-02,9.031429004665476878e-04,-9.031429004665476878e-04,9.779446349944542760e-12,-3.262668394652513554e-06,1.000000010828237862e+00,-2.441692865756334152e-02
5.000000000000000000e+00,2.500000000000000139e-02,-2.441349978678511445e-02,1.128929857616282981e-03,1.128929857616282981e-03,-4.847785801259663074e-12,-5.097930493670083851e-06,1.000000004294142819e+00,-2.441349978678511445e-02
5.000000000000000000e+00,2.999999999999999889e-02,-2.440930902451861340e-02,1.354717528087939988e-03,1.354717528087939771e-03,-4.770489558936219510e-17,-7.341038323634791790e-06,1.000000000000035305e+00,-2.440930902451861340e-02
5.000000000000000000e+00,3.500000000000000333e-02,-2.440435649666205381e-02,1.580506203554865423e-03,1.580506203554865423e-03,1.026106890428257756e-11,-9.991999437901653630e-06,1.000000006492267612e+00,-2.440435649666205381e-02
5.000000000000000000e+00,4.000000000000000083e-02,-2.439864225743408957e-02,1.806295993719484816e-03,1.806295993719485033e-03,2.912483622330430677e-13,-1.305082086770824749e-05,1.000000000161240798e+00,-2.439864225743408957e-02
5.000000000000000000e+00,4.499999999999999833e-02,-2.439216640146531223e-02,2.032087102309566764e-03,2.032087102309566764e-03,4.987329993433320396e-17,-1.651751196549156787e-05,1.000000000000024425e+00,-2.439216640146531223e-02
5.000000000000000000e+00,5.000000000000000278e-02,-2.438492908254874525e-02,2.257879564029585152e-03,2.257879564029585152e-03,9.919182662743164514e-12,-2.039208050264971637e-05,1.000000004393140740e+00,-2.438492908254874525e-02
5.000000000000000000e+00,5.500000000000000028e-02,-2.437693034409444542e-02,2.483673693779803182e-03,2.483673693779802748e-03,-6.105671090245179400e-12,-2.467454006869523777e-05,1.000000002458322657e+00,-2.437693034409444542e-02
5.000000000000000000e+00,5.999999999999999778e-02,-2.436817037413401346e-02,2.709469583789750856e-03,2.709469583789750422e-03,4.831274703215315824e-12,-2.936490170192721476e-05,1.000000001783106995e+00,-2.436817037413401346e-02
5.000000000000000000e+00,6.500000000000000222e-02,-2.435864928070025429e-02,2.935267272618389753e-03,2.935267272618389753e-03,-1.861919993184635302e-11,-3.446317584681840118e-05,1.000000006343272796e+00,-2.435864928070025429e-02
5.000000000000000000e+00,7.000000000000000666e-02,-2.434836724853674944e-02,3.161067163365005594e-03,3.161067163365005594e-03,-3.032348677711738105e-13,-3.996938244521793340e-05,1.000000000095928154e+00,-2.434836724853674944e-02
5.000000000000000000e+00,7.499999999999999722e-02,-2.433732445865663049e-02,3.386869220392765487e-03,3.386869220392765487e-03,-3.252008037857301304e-11,-4.588353246417558950e-05,1.000000009601811790e+00,-2.433732445865663049e-02
5.000000000000000000e+00,8.000000000000000167e-02,-2.432552104307054291e-02,3.612673602531892708e-03,3.612673602531893142e-03,-6.070287501824811471e-13,-5.220564223372307027e-05,1.000000000168027814e+00,-2.432552104307054291e-02
5.000000000000000000e+00,8.500000000000000611e-02,-2.431295728118990085e-02,3.838480590802334155e-03,3.838480590802334155e-03,-1.069023342070707372e-16,-5.893573298386493967e-05,1.000000000000027756e+00,-2.431295728118990085e-02
5.000000000000000000e+00,8.999999999999999667e-02,-2.429963333290021191e-02,4.064290296931049977e-03,4.064290296931050844e-03,-4.753830142034676243e-12,-6.607382247091155611e-05,1.000000001169658370e+00,-2.429963333290021191e-02
5.000000000000000000e+00,9.500000000000000111e-02,-2.428554940196784445e-02,4.290102878609839028e-03,4.290102878609839028e-03,9.991010622989460188e-12,-7.361993083622571322e-05,1.000000002328851112e+00,-2.428554940196784445e-02
5.000000000000000000e+00,1.000000000000000056e-01,-2.427070573146297358e-02,4.515918325660186160e-03,4.515918325660186160e-03,-3.043893262444363756e-13,-8.157407329613400250e-05,1.000000000067404082e+00,-2.427070573146297358e-02
5.000000000000000000e+00,1.049999999999999961e-01,-2.425510261146031354e-02,4.741737131625326299e-03,4.741737131625326299e-03,5.301797195711444033e-12,-8.993628410173751123e-05,1.000000001118112936e+00,-2.425510261146031354e-02
5.000000000000000000e+00,1.100000000000000006e-01,-2.423874023637943159e-02,4.967559209080883546e-03,4.967559209080884414e-03,-3.767537497256778778e-13,-9.870657798289719288e-05,1.000000000075843110e+00,-2.423874023637943159e-02
5.000000000000000000e+00,1.150000000000000050e-01,-2.422161892740362643e-02,5.193384805940017522e-03,5.193384805940017522e-03,-4.998111299836516253e-13,-1.078849829702745389e-04,1.000000000096239905e+00,-2.422161892740362643e-02
5.000000000000000000e+00,1.199999999999999956e-01,-2.420373895287072225e-02,5.419213953616104466e-03,5.419213953616103599e-03,5.687002951892949909e-12,-1.174715195002699241e-04,1.000000001049414999e+00,-2.420373895287072225e-02
5.000000000000000000e+00,1.250000000000000000e-01,-2.418510059845579291e-02,5.645046897393569962e-03,5.645046897393569962e-03,3.056162094228209725e-13,-1.274662178950910921e-04,1.000000000054139138e+00,-2.418510059845579291e-02
5.000000000000000000e+00,1.300000000000000044e-01,-2.416570420426611410e-02,5.870883947519126012e-03,5.870883947519126012e-03,1.303634283855714671e-11,-1.378691133009510229e-04,1.000000002220508000e+00,-2.416570420426611410e-02
5.000000000000000000e+00,1.350000000000000089e-01,-2.414555004395226023e-02,6.096724953596796559e-03,6.096724953596797426e-03,1.190147546487052566e-11,-1.486802206392394833e-04,1.000000001952109585e+00,-2.414555004395226023e-02
5.000000000000000000e+00,1.400000000000000133e-01,-2.412463847539083120e-02,6.322570262353038179e-03,6.322570262353038179e-03,1.075528555105620399e-16,-1.598995788895638567e-04,1.000000000000016875e+00,-2.412463847539083120e-02
5.000000000000000000e+00,1.449999999999999900e-01,-2.410296986950193066e-02,6.548420042906307956e-03,6.548420042906307956e-03,3.356062389797687118e-12,-1.715272202333482270e-04,1.000000000512499598e+00,-2.410296986950193066e-02
5.000000000000000000e+00,1.499999999999999944e-01,-2.408054455227229967e-02,6.774274401720129651e-03,6.774274401720129651e-03,-1.255140392661391324e-11,-1.835631746792025032e-04,1.000000001852804354e+00,-2.408054455227229967e-02
5.000000000000000000e+00,1.549999999999999989e-01,-2.405736287216429792e-02,7.000133400810022721e-03,7.000133400810021854e-03,9.540979117872439019e-18,-1.960074705165443416e-04,1.000000000000001554e+00,-2.405736287216429792e-02
5.000000000000000000e+00,1.600000000000000033e-01,-2.403342526935491053e-02,7.225997346946314188e-03,7.225997346946315056e-03,-1.837868442502998967e-11,-2.088601506323007164e-04,1.000000002543411703e+00,-2.403342526935491053e-02
5.000000000000000000e+00,1.650000000000000078e-01,-2.400873210075498559e-02,7.451866276540749200e-03,7.451866276540749200e-03,-8.685266048025219732e-13,-2.221212440137811692e-04,1.000000000116551657e+00,-2.400873210075498559e-02
5.000000000000000000e+00,1.700000000000000122e-01,-2.398328378360600061e-02,7.677740417563271025e-03,7.677740417563271025e-03,3.230896453154663561e-12,-2.357907916779385278e-04,1.000000000420813606e+00,-2.398328378360600061e-02
5.000000000000000000e+00,1.750000000000000167e-01,-2.395708076842924250e-02,7.903619889406925461e-03,7.903619889406925461e-03,-5.883732737133051671e-12,-2.498688294249149671e-04,1.000000000744435180e+00,-2.395708076842924250e-02
5.000000000000000000e+00,1.799999999999999933e-01,-2.393012341987476449e-02,8.129504892456191484e-03,8.129504892456191484e-03,6.774993760449987690e-12,-2.643553991858766002e-04,1.000000000833383584e+00,-2.393012341987476449e-02
5.000000000000000000e+00,1.849999999999999978e-01,-2.390241223541368643e-02,8.355395490815925932e-03,8.355395490815927667e-03,-2.115086838311297512e-11,-2.792505352317885075e-04,1.000000002531402421e+00,-2.390241223541368643e-02
5.000000000000000000e+00,1.900000000000000022e-01,-2.387394763250756669e-02,8.581291868687069765e-03,8.581291868687069765e-03,3.130387442318305347e-11,-2.945542805423792976e-04,1.000000003647921076e+00,-2.387394763250756669e-02
5.000000000000000000e+00,1.950000000000000067e-01,-2.384473009758766165e-02,8.807194229881080277e-03,8.807194229881080277e-03,-3.654116939588725188e-13,-3.102666808114024392e-04,1.000000000041490589e+00,-2.384473009758766165e-02
5.000000000000000000e+00,2.000000000000000111e-01,-2.381476013202736552e-02,9.033102712525232711e-03,9.033102712525232711e-03,6.613242939379482266e-12,-3.263877784601228920e-04,1.000000000732112149e+00,-2.381476013202736552e-02
5.000000000000000000e+00,2.050000000000000155e-01,-2.378403816904244711e-02,9.259017404485552286e-03,9.259017404485554020e-03,3.116309293949015569e-13,-3.429176131862656353e-04,1.000000000033657299e+00,-2.378403816904244711e-02
5.000000000000000000e+00,2.099999999999999922e-01,-2.375256478690590534e-02,9.484938378228292485e-03,9.484938378228290751e-03,-9.194034422677077600e-17,-3.598562241551516664e-04,1.000000000000009992e+00,-2.375256478690590534e-02
5.000000000000000000e+00,2.149999999999999967e-01,-2.372034045327862245e-02,9.710866062447890898e-03,9.710866062447890898e-03,1.809325259061189684e-11,-3.772036787312088232e-04,1.000000001863196708e+00,-2.372034045327862245e-02
5.000000000000000000e+00,2.200000000000000011e-01,-2.368736569633844019e-02,9.936800390295007224e-03,9.936800390295005489e-03,6.721168760437379319e-13,-3.949600079862678696e-04,1.000000000067639228e+00,-2.368736569633844019e-02
5.000000000000000000e+00,2.250000000000000056e-01,-2.365364105983237819e-02,1.016274148929669982e-02,1.016274148929669982e-02,5.075558029421500805e-13,-4.131252583130900200e-04,1.000000000049942939e+00,-2.365364105983237819e-02
5.000000000000000000e+00,2.300000000000000100e-01,-2.361916711752674869e-02,1.038868965124319782e-02,1.038868965124319782e-02,-2.555060329978431355e-12,-4.316994906793900381e-04,1.000000000245946374e+00,-2.361916711752674869e-02
5.000000000000000000e+00,2.350000000000000144e-01,-2.358394438007939409e-02,1.061464489350259083e-02,1.061464489350259083e-02,2.428612866367529932e-17,-4.506827448606425045e-04,1.000000000000002665e+00,-2.358394438007939409e-02
5.000000000000000000e+00,2.399999999999999911e-01,-2.354797346050212931e-02,1.084060741999042302e-02,-1.084060741999042302e-02,5.098924754642908397e-13,-4.700750769374056393e-04,1.000000000047035265e+00,-2.354797346050212931e-02
5.000000000000000000e+00,2.449999999999999956e-01,-2.351125494285114664e-02,1.106657738809051737e-02,-1.106657738809051911e-02,1.868806585175741830e-11,-4.898765403463854577e-04,1.000000001688694740e+00,-2.351125494285114664e-02
5.000000000000000000e+00,2.500000000000000000e-01,-2.347378941502716726e-02,1.129255488319048928e-02,-1.129255488319048928e-02,-1.652866645635020504e-11,-5.100871831594774907e-04,1.000000001463678068e+00,-2.347378941502716726e-02
5.000000000000000000e+00,2.550000000000000044e-01,-2.343557748286962533e-02,1.151854012613778844e-02,-1.151854012613778844e-02,-3.618766744595269813e-12,-5.307070665497853760e-04,1.000000000314169357e+00,-2.343557748286962533e-02
5.000000000000000000e+00,2.600000000000000089e-01,-2.339661974819675846e-02,1.174453314663576400e-02,-1.174453314663576400e-02,-3.122502256758252770e-17,-5.517362353297046614e-04,1.000000000000002665e+00,-2.339661974819675846e-02
5.000000000000000000e+00,2.650000000000000133e-01,-2.335691688204261790e-02,1.197053424551971883e-02,-1.197053424551971709e-02,5.637851296924623057e-17,-5.731747604926412708e-04,1.000000000000004663e+00,-2.335691688204261790e-02
5.000000000000000000e+00,2.700000000000000178e-01,-2.331646951955112373e-02,1.219654339546312298e-02,-1.219654339546312125e-02,5.153611912223077240e-13,-5.950226831896603986e-04,1.000000000042254644e+00,-2.331646951955112373e-02
5.000000000000000000e+00,2.750000000000000222e-01,-2.327527828806570664e-02,1.242256093048021114e-02,-1.242256093048021287e-02,-1.859875534832022836e-11,-6.172800802859736147e-04,1.000000001497175939e+00,-2.327527828806570664e-02
5.000000000000000000e+00,2.800000000000000266e-01,-2.323334384131044150e-02,1.264858675252627206e-02,1.264858675252627206e-02,-9.887923813067800438e-17,-6.399469873447324094e-04,1.000000000000007550e+00,-2.323334384131044150e-02
5.000000000000000000e+00,2.850000000000000311e-01,-2.319066691235438515e-02,1.287462124085469138e-02,1.287462124085469138e-02,-8.484588032153794757e-12,-6.630234883818671718e-04,1.000000000659016619e+00,-2.319066691235438515e-02
5.000000000000000000e+00,2.899999999999999800e-01,-2.314724814928128052e-02,1.310066440184838935e-02,1.310066440184838935e-02,1.968841062405246589e-11,-6.865096310794304357e-04,1.000000001502856062e+00,-2.314724814928128052e-02
5.000000000000000000e+00,2.949999999999999845e-01,-2.310308822990057853e-02,1.332671636497224921e-02,1.332671636497224921e-02,7.020316619699151772e-12,-7.104054762896766431e-04,1.000000000526785504e+00,-2.310308822990057853e-02
5.000000000000000000e+00,2.999999999999999889e-01,-2.305818794073664219e-02,1.355277734154201712e-02,1.355277734154201885e-02,1.749162186620578652e-11,-7.347110946776589215e-04,1.000000001290630269e+00,-2.305818794073664219e-02
5.000000000000000000e+00,3.049999999999999933e-01,-2.301254790173638820e-02,1.377884737951540553e-02,1.377884737951540553e-02,-8.061225298394703032e-13,-7.594265404319142836e-04,1.000000000058504313e+00,-2.301254790173638820e-02
5.000000000000000000e+00,3.099999999999999978e-01,-2.296616892120421222e-02,1.400492674584761892e-02,1.400492674584761718e-02,-7.892991815694472280e-17,-7.845518926262318041e-04,1.000000000000005329e+00,-2.296616892120421222e-02
5.000000000000000000e+00,3.150000000000000022e-01,-2.291905172501511323e-02,1.423101539314669539e-02,1.423101539314669539e-02,-5.349488213512998414e-12,-8.100871964799127682e-04,1.000000000375903753e+00,-2.291905172501511323e-02
5.000000000000000000e+00,3.200000000000000067e-01,-2.287119702337298346e-02,1.445711365282168100e-02,1.445711365282167926e-02,-9.280770596475917955e-17,-8.360325406824120446e-04,1.000000000000006439e+00,-2.287119702337298346e-02
5.000000000000000000e+00,3.250000000000000111e-01,-2.282260561737641663e-02,1.468322147479505374e-02,1.468322147479505374e-02,-1.053116795157738039e-12,-8.623879715115304522e-04,1.000000000071722850e+00,-2.282260561737641663e-02
5.000000000000000000e+00,3.300000000000000155e-01,-2.277327828477490601e-02,1.490933917433335566e-02,1.490933917433335740e-02,8.673617379884035472e-17,-8.891535784612451072e-04,1.000000000000005773e+00,-2.277327828477490601e-02
5.000000000000000000e+00,3.350000000000000200e-01,-2.272321581294848430e-02,1.513546674518946762e-02,1.513546674518946762e-02,2.748570988864162956e-11,-9.163294143789450178e-04,1.000000001815980255e+00,-2.272321581294848430e-02
5.000000000000000000e+00,3.400000000000000244e-01,-2.267241895823373862e-02,1.536160437986371953e-02,1.536160437986371953e-02,-4.713706855397070683e-12,-9.439155564937928107e-04,1.000000000306849657e+00,-2.267241895823373862e-02
5.000000000000000000e+00,3.450000000000000289e-01,-2.262088856207798704e-02,1.558775224494927079e-02,1.558775224494927253e-02,5.310396219981861066e-13,-9.719120801996842564e-04,1.000000000034067860e+00,-2.262088856207798704e-02
5.000000000000000000e+00,3.500000000000000333e-01,-2.256862542599048782e-02,1.581391032161311855e-02,1.581391032161312202e-02,-4.510281037539698445e-17,-1.000319038640088039e-03,1.000000000000003331e+00,-2.256862542599048782e-02
5.000000000000000000e+00,3.549999999999999822e-01,-2.251563039681510336e-02,1.604007892559109957e-02,1.604007892559109957e-02,1.852622916187485202e-11,-1.029136527756766830e-03,1.000000001154996321e+00,-2.251563039681510336e-02
5.000000000000000000e+00,3.599999999999999867e-01,-2.246190430158697543e-02,1.626625802701916340e-02,1.626625802701916340e-02,-1.023486850826316186e-16,-1.058364600806261302e-03,1.000000000000006439e+00,-2.246190430158697543e-02
5.000000000000000000e+00,3.649999999999999911e-01,-2.240744796088081636e-02,1.649244793528106476e-02,1.649244793528106476e-02,7.576314575707954191e-12,-1.088003355591826531e-03,1.000000000459380756e+00,-2.240744796088081636e-02
5.000000000000000000e+00,3.699999999999999956e-01,-2.235226224030884001e-02,1.671864856137475139e-02,1.671864856137475139e-02,-4.705950906735978378e-12,-1.118052838875032177e-03,1.000000000281478840e+00,-2.235226224030884001e-02
5.000000000000000000e+00,3.750000000000000000e-01,-2.229634804986814142e-02,1.694486023748191517e-02,1.694486023748191517e-02,7.612391619837843848e-12,-1.148513153871182817e-03,1.000000000449244864e+00,-2.229634804986814142e-02
5.000000000000000000e+00,3.800000000000000044e-01,-2.223970622614140913e-02,1.717108296870715686e-02,1.717108296870715339e-02,-6.657773291007806904e-12,-1.179384361272899735e-03,1.000000000387731625e+00,-2.223970622614140913e-02
5.000000000000000000e+00,3.850000000000000089e-01,-2.218233764258737556e-02,1.739731678166094378e-02,1.739731678166094725e-02,8.743977764069654768e-13,-1.210666524805846566e-03,1.000000000050260685e+00,-2.218233764258737556e-02
5.000000000000000000e+00,3.900000000000000133e-01,-2.212424324611519943e-02,1.762356208132626750e-02,-1.762356208132626750e-02,3.824891792181261962e-13,-1.242359761737444127e-03,1.000000000021703306e+00,-2.212424324611519943e-02
5.000000000000000000e+00,3.950000000000000178e-01,-2.206542393622218379e-02,1.784981885327824661e-02,-1.784981885327824314e-02,-8.256001785000854909e-12,-1.274464132379389894e-03,1.000000000462525795e+00,-2.206542393622218379e-02
5.000000000000000000e+00,4.000000000000000222e-01,-2.200588059854164877e-02,1.807608715648199860e-02,-1.807608715648199860e-02,-4.883579651782099518e-12,-1.306979707554933911e-03,1.000000000270168110e+00,-2.200588059854164877e-02
5.000000000000000000e+00,4.050000000000000266e-01,-2.194561414385505158e-02,1.830236709378718629e-02,-1.830236709378718629e-02,1.800087856551613186e-13,-1.339906564942976164e-03,1.000000000009835466e+00,-2.194561414385505158e-02
5.000000000000000000e+00,4.100000000000000311e-01,-2.188462557183440405e-02,1.852865888649444029e-02,-1.852865888649444029e-02,2.722583269942902007e-11,-1.373244800528277592e-03,1.000000001469390609e+00,-2.188462557183440405e-02
5.000000000000000000e+00,4.150000000000000355e-01,-2.182291577263476001e-02,1.875496263073007930e-02,-1.875496263073007930e-02,1.073204025647811477e-12,-1.406994493120326860e-03,1.000000000057222893e+00,-2.182291577263476001e-02
5.000000000000000000e+00,4.199999999999999845e-01,-2.176048573835288186e-02,1.898127845708406231e-02,-1.898127845708406231e-02,6.801661664446179145e-12,-1.441155727461454310e-03,1.000000000358335361e+00,-2.176048573835288186e-02
5.000000000000000000e+00,4.249999999999999889e-01,-2.169733642979107535e-02,1.920760639568161454e-02,-1.920760639568161454e-02,4.506721384966994037e-12,-1.475728573805717070e-03,1.000000000234632092e+00,-2.169733642979107535e-02
5.000000000000000000e+00,4.299999999999999933e-01,-2.163346877993376979e-02,1.943394670573970334e-02,-1.943394670573970334e-02,4.530004843461554742e-13,-1.510713138246124083e-03,1.000000000023310021e+00,-2.163346877993376979e-02
5.000000000000000000e+00,4.349999999999999978e-01,-2.156888381691780127e-02,1.966029938012472597e-02,-1.966029938012472597e-02,-1.006139616066548115e-16,-1.546109486864530834e-03,1.000000000000004885e+00,-2.156888381691780127e-02
5.000000000000000000e+00,4.400000000000000022e-01,-2.150358253207691750e-02,1.988666449779140019e-02,-1.988666449779140366e-02,-1.787815902265510459e-11,-1.581917699390867878e-03,1.000000000899002650e+00,-2.150358253207691750e-02
5.000000000000000000e+00,4.450000000000000067e-01,-2.143756589929974102e-02,2.011304242791447233e-02,-2.011304242791447233e-02,9.916218887684458139e-12,-1.618137902828351102e-03,1.000000000493024288e+00,-2.143756589929974102e-02
5.000000000000000000e+00,4.500000000000000111e-01,-2.137083493919534477e-02,2.033943304255002305e-02,-2.033943304255002305e-02,1.457167719820517959e-16,-1.654770145969502830e-03,1.000000000000007327e+00,-2.137083493919534477e-02
5.000000000000000000e+00,4.550000000000000155e-01,-2.130339066156491934e-02,2.056583646403964752e-02,-2.056583646403964405e-02,-8.673617379884035472e-18,-1.691814517862490989e-03,1.000000000000000666e+00,-2.130339066156491934e-02
5.000000000000000000e+00,4.600000000000000200e-01,-2.123523416002332659e-02,2.079225289052393996e-02,-2.079225289052393649e-02,-9.681274878992063293e-12,-1.729271121054004167e-03,1.000000000465619099e+00,-2.123523416002332659e-02
5.000000000000000000e+00,4.650000000000000244e-01,-2.116636639958376781e-02,2.101868241560448866e-02,-2.101868241560448866e-02,-1.146131800577876447e-13,-1.767140041952165426e-03,1.000000000005452971e+00,-2.116636639958376781e-02
5.000000000000000000e+00,4.700000000000000289e-01,-2.109678842610782784e-02,2.124512522578173371e-02,-2.124512522578173024e-02,-1.859467441134299293e-13,-1.805421383436589099e-03,1.000000000008752776e+00,-2.109678842610782784e-02
5.000000000000000000e+00,4.750000000000000333e-01,-2.102650131862337374e-02,2.147158111988826945e-02,-2.147158111988826598e-02,-6.762125581705191735e-13,-1.844115183151769045e-03,1.000000000031493030e+00,-2.102650131862337374e-02
5.000000000000000000e+00,4.799999999999999822e-01,-2.095550616287362999e-02,2.169805061109482749e-02,-2.169805061109483096e-02,9.184743243739745822e-12,-1.883221601286531009e-03,1.000000000423298507e+00,-2.095550616287362999e-02
5.000000000000000000e+00,4.849999999999999867e-01,-2.088380401804552228e-02,2.192453360620248357e-02,-2.192453360620248357e-02,9.170650350220910241e-13,-1.922740695398008313e-03,1.000000000041828541e+00,-2.088380401804552228e-02
5.000000000000000000e+00,4.899999999999999911e-01,-2.081139592634954211e-02,2.215103021777580297e-02,-2.215103021777579950e-02,1.943173920382346154e-11,-1.962672558835266631e-03,1.000000000877238282e+00,-2.081139592634954211e-02
5.000000000000000000e+00,4.949999999999999956e-01,-2.073828299309523476e-02,2.237754045419847529e-02,-2.237754045419847182e-02,1.861540956105134370e-11,-2.003017267117157118e-03,1.000000000831879010e+00,-2.073828299309523476e-02
5.000000000000000000e+00,5.000000000000000000e-01,-2.066446634330751028e-02,2.260406465351112379e-02,-2.260406465351112032e-02,-8.673617379884035472e-17,-2.043774955440443280e-03,1.000000000000003553e+00,-2.066446634330751028e-02
5.000000000000000000e+00,5.050000000000000044e-01,-2.058994709625375230e-02,2.283060283336026466e-02,-2.283060283336026813e-02,-1.085733759842444357e-11,-2.084945702938551491e-03,1.000000000475560924e+00,-2.058994709625375230e-02
5.000000000000000000e+00,5.100000000000000089e-01,-2.051472628647915686e-02,2.305715494639455285e-02,-2.305715494639455285e-02,-3.230606754334175434e-12,-2.126529576888187226e-03,1.000000000140112810e+00,-2.051472628647915686e-02
5.000000000000000000e+00,5.150000000000000133e-01,-2.043880510964996011e-02,2.328372123541199226e-02,-2.328372123541198879e-02,7.575797628112113102e-13,-2.168526698273501134e-03,1.000000000032536640e+00,-2.043880510964996011e-02
5.000000000000000000e+00,5.200000000000000178e-01,-2.036218468322090885e-02,2.351030181965641647e-02,-2.351030181965641300e-02,-9.339664458485330556e-12,-2.210937166605358474e-03,1.000000000397258226e+00,-2.036218468322090885e-02
5.000000000000000000e+00,5.250000000000000222e-01,-2.028486610778102578e-02,2.373689665404240395e-02,-2.373689665404246640e-02,-8.922081823348193552e-13,-2.253761051058770018e-03,1.000000000037587711e+00,-2.028486610778102578e-02
5.000000000000000000e+00,5.300000000000000266e-01,-2.020685057077849928e-02,2.396350602236107727e-02,-2.396350602236104257e-02,1.539410959816578384e-12,-2.296998483534935798e-03,1.000000000064239725e+00,-2.020685057077849928e-02
5.000000000000000000e+00,5.350000000000000311e-01,-2.012813920416405000e-02,2.419012989002699079e-02,-2.419012989002700120e-02,-5.030698080332740574e-17,-2.340649536385511296e-03,1.000000000000002220e+00,-2.012813920416405000e-02
5.000000000000000000e+00,5.400000000000000355e-01,-2.004873319604447146e-02,2.441676838749719247e-02,-2.441676838749710227e-02,-4.652651527936590981e-12,-2.384714313954711205e-03,1.000000000190551575e+00,-2.004873319604447146e-02
5.000000000000000000e+00,5.450000000000000400e-01,-1.996863365254720329e-02,2.464342162254106947e-02,-2.464342162254106600e-02,5.580813589034505640e-12,-2.429192917065297989e-03,1.000000000226462404e+00,-1.996863365254720329e-02
5.000000000000000000e+00,5.500000000000000444e-01,-1.988784182046163598e-02,2.487008966674449789e-02,-2.487008966674443544e-02,-1.588787261475044232e-11,-2.474085440127633123e-03,1.000000000638834985e+00,-1.988784182046163598e-02
5.000000000000000000e+00,5.550000000000000488e-01,-1.980635884436116045e-02,2.509677270892727435e-02,-2.509677270892735415e-02,-7.979727989493312634e-17,-2.519392001614243533e-03,1.000000000000003109e+00,-1.980635884436116045e-02
5.000000000000000000e+00,5.600000000000000533e-01,-1.972418593208694407e-02,2.532347074400424780e-02,-2.532347074400423392e-02,2.255140518769849223e-17,-2.565112682089753203e-03,1.000000000000001110e+00,-1.972418593208694407e-02
5.000000000000000000e+00,5.650000000000000577e-01,-1.964132427330542857e-02,2.555018374743306397e-02,-2.555018374743303969e-02,9.309442106086862623e-12,-2.611247558110365782e-03,1.000000000364359432e+00,-1.964132427330542857e-02
5.000000000000000000e+00,5.700000000000000622e-01,-1.955777507312276425e-02,2.577691204565790706e-02,-2.577691204565797645e-02,7.839324675518177798e-12,-2.657796778438349401e-03,1.000000000304122061e+00,-1.955777507312276425e-02
5.000000000000000000e+00,5.750000000000000666e-01,-1.947353954708729018e-02,2.600365566411650189e-02,-2.600365566411662333e-02,-6.626666229636590799e-12,-2.704760431591778438e-03,1.000000000254836152e+00,-1.947353954708729018e-02
5.000000000000000000e+00,5.799999999999999600e-01,-1.938861890558397222e-02,2.623041465269774705e-02,-2.623041465269776440e-02,1.188589157652408801e-12,-2.752138611409846690e-03,1.000000000045313753e+00,-1.938861890558397222e-02
5.000000000000000000e+00,5.849999999999999645e-01,-1.930301438530757432e-02,2.645718893181598155e-02,-2.645718893181588094e-02,1.717006745116655964e-12,-2.799931384695203505e-03,1.000000000064897643e+00,-1.930301438530757432e-02
5.000000000000000000e+00,5.899999999999999689e-01,-1.921672725840147672e-02,2.668397897615119863e-02,-2.668397897615125414e-02,3.691803807104321322e-13,-2.848138935998728669e-03,1.000000000013835821e+00,-1.921672725840147672e-02
5.000000000000000000e+00,5.949999999999999734e-01,-1.912975867402146729e-02,2.691078456376557945e-02,-2.691078456376553435e-02,-8.500145032286354763e-17,-2.896761303349605285e-03,1.000000000000003331e+00,-1.912975867402146729e-02
5.000000000000000000e+00,5.999999999999999778e-01,-1.904210995715627588e-02,2.713760581921174572e-02,-2.713760581921173531e-02,2.282604660841514033e-12,-2.945798598395658451e-03,1.000000000084112273e+00,-1.904210995715627588e-02
5.000000000000000000e+00,6.049999999999999822e-01,-1.895378235029453878e-02,2.736444296559848582e-02,-2.736444296559846501e-02,-1.727175694132832007e-12,-2.995250955269964776e-03,1.000000000063117511e+00,-1.895378235029453878e-02
5.000000000000000000e+00,6.099999999999999867e-01,-1.886477709377982342e-02,2.759129600235265753e-02,-2.759129600235264712e-02,-4.631711680858074942e-13,-3.045118460357764800e-03,1.000000000016787016e+00,-1.886477709377982342e-02
5.000000000000000000e+00,6.149999999999999911e-01,-1.877509543090474103e-02,2.781816492769764032e-02,-2.781816492769757093e-02,-1.733121458846742513e-11,-3.095401199778332561e-03,1.000000000623017637e+00,-1.877509543090474103e-02
5.000000000000000000e+00,6.199999999999999956e-01,-1.868473868694792844e-02,2.804504992970821217e-02,-2.804504992970804911e-02,-1.669493883416084401e-11,-3.146099302239269493e-03,1.000000000595290262e+00,-1.868473868694792844e-02
5.000000000000000000e+00,6.250000000000000000e-01,-1.859370812420160779e-02,2.827195101756826284e-02,-2.827195101756843285e-02,3.549365662491865692e-12,-3.197212857359155082e-03,1.000000000125543576e+00,-1.859370812420160779e-02
5.000000000000000000e+00,6.300000000000000044e-01,-1.850200503742496436e-02,2.849886838752530016e-02,-2.849886838752523424e-02,7.653131600671159163e-12,-3.248741997477940392e-03,1.000000000268541855e+00,-1.850200503742496436e-02
5.000000000000000000e+00,6.350000000000000089e-01,-1.840963067394286307e-02,2.872580196378623357e-02,-2.872580196378636888e-02,1.763398455034703716e-12,-3.300686793850691070e-03,1.000000000061387562e+00,-1.840963067394286307e-02
5.000000000000000000e+00,6.400000000000000133e-01,-1.831658638510160614e-02,2.895275194778363856e-02,-2.895275194778369060e-02,1.092875789865388469e-16,-3.353047381399569538e-03,1.000000000000003997e+00,-1.831658638510160614e-02
5.000000000000000000e+00,6.450000000000000178e-01,-1.822287346884474829e-02,2.917971833933523731e-02,-2.917971833933528589e-02,-3.118258776191318304e-11,-3.405823849451759897e-03,1.000000001068638955e+00,-1.822287346884474829e-02
5.000000000000000000e+00,6.500000000000000222e-01,-1.812849321826591475e-02,2.940670124289395185e-02,-2.940670124289414267e-02,3.021980235495824729e-12,-3.459016311955327976e-03,1.000000000102764686e+00,-1.812849321826591475e-02
5.000000000000000000e+00,6.550000000000000266e-01,-1.803344691860900295e-02,2.963370066408234707e-02,-2.963370066408245462e-02,-6.172787975211591061e-13,-3.512624860193763222e-03,1.000000000020830448e+00,-1.803344691860900295e-02
5.000000000000000000e+00,6.600000000000000311e-01,-1.793773597182986984e-02,2.986071683663986398e-02,-2.986071683664003051e-02,-7.875464169693202621e-12,-3.566649639991989387e-03,1.000000000263740363e+00,-1.793773597182986984e-02
5.000000000000000000e+00,6.650000000000000355e-01,-1.784136165297043469e-02,3.008774968475590866e-02,-3.008774968475584621e-02,1.145711477079647267e-11,-3.621090724370101648e-03,1.000000000380790288e+00,-1.784136165297043469e-02
5.000000000000000000e+00,6.700000000000000400e-01,-1.774432527618986788e-02,3.031479932931129342e-02,-3.031479932931127608e-02,1.665207728651640906e-11,-3.675948233505645004e-03,1.000000000549305046e+00,-1.774432527618986788e-02
5.000000000000000000e+00,6.750000000000000444e-01,-1.764662823151014887e-02,3.054186582371444872e-02,-3.054186582371445913e-02,2.800755460885540060e-11,-3.731222271975109285e-03,1.000000000917021792e+00,-1.764662823151014887e-02
5.000000000000000000e+00,6.800000000000000488e-01,-1.754827182507619904e-02,3.076894927616750236e-02,-3.076894927616757175e-02,2.255140518769849223e-17,-3.786912958237492310e-03,1.000000000000000888e+00,-1.754827182507619904e-02
5.000000000000000000e+00,6.850000000000000533e-01,-1.744925745034808101e-02,3.099604975110199084e-02,-3.099604975110193533e-02,9.146123094994074165e-12,-3.843020400691146005e-03,1.000000000295074409e+00,-1.744925745034808101e-02
5.000000000000000000e+00,6.900000000000000577e-01,-1.734958641671639767e-02,3.122316721102706694e-02,-3.122316721102698367e-02,7.763043680109049660e-13,-3.899544682751001582e-03,1.000000000024863445e+00,-1.734958641671639767e-02
5.000000000000000000e+00,6.950000000000000622e-01,-1.724926009217919026e-02,3.145030186937926991e-02,-3.145030186937936012e-02,-1.733393983904818469e-11,-3.956485950700347476e-03,1.000000000551153345e+00,-1.724926009217919026e-02
5.000000000000000000e+00,7.000000000000000666e-01,-1.714827984117244658e-02,3.167745368947712942e-02,-3.167745368947713636e-02,-1.863951354375004144e-11,-4.013844288995874893e-03,1.000000000588415761e+00,-1.714827984117244658e-02
5.000000000000000000e+00,7.049999999999999600e-01,-1.704664705789703250e-02,3.190462280832890435e-02,-3.190462280832906394e-02,1.467968108181949560e-12,-4.071619826167004012e-03,1.000000000046011417e+00,-1.704664705789703250e-02
5.000000000000000000e+00,7.099999999999999645e-01,-1.694436309316068451e-02,3.213180916899245620e-02,-3.213180916899236600e-02,-6.343328640134870966e-13,-4.129812641890167821e-03,1.000000000019741542e+00,-1.694436309316068451e-02
5.000000000000000000e+00,7.149999999999999689e-01,-1.684142936985624783e-02,3.235901300644963147e-02,-3.235901300644957596e-02,7.416553482464394165e-12,-4.188422891006291122e-03,1.000000000229195773e+00,-1.684142936985624783e-02
5.000000000000000000e+00,7.199999999999999734e-01,-1.673784723609392927e-02,3.258623428105413694e-02,-3.258623428105407449e-02,5.607979358668302439e-13,-4.247450658478976043e-03,1.000000000017209789e+00,-1.673784723609392927e-02
5.000000000000000000e+00,7.249999999999999778e-01,-1.663361804830432861e-02,3.281347294786059882e-02,-3.281347294786059188e-02,8.189188910323608184e-12,-4.306896027599914703e-03,1.000000000249568144e+00,-1.663361804830432861e-02
5.000000000000000000e+00,7.299999999999999822e-01,-1.652874327217611350e-02,3.304072921950846481e-02,-3.304072921950848563e-02,2.428612866367529932e-17,-4.366759149427528082e-03,1.000000000000000444e+00,-1.652874327217611350e-02
5.000000000000000000e+00,7.349999999999999867e-01,-1.642322427018667874e-02,3.326800316551995623e-02,-3.326800316551990766e-02,-3.968943229626376024e-13,-4.427040138484169586e-03,1.000000000011930235e+00,-1.642322427018667874e-02
5.000000000000000000e+00,7.399999999999999911e-01,-1.631706243106578746e-02,3.349529479723833969e-02,-3.349529479723851316e-02,4.596330260842051985e-12,-4.487739094215653646e-03,1.000000000137223122e+00,-1.631706243106578746e-02
5.000000000000000000e+00,7.449999999999999956e-01,-1.621025919142265667e-02,3.372260406438927494e-02,-3.372260406438927494e-02,-3.971597356544620538e-12,-4.548856099534255397e-03,1.000000000117772458e+00,-1.621025919142265667e-02
5.000000000000000000e+00,7.500000000000000000e-01,-1.610281595567687046e-02,3.394993122002230856e-02,-3.394993122002229469e-02,-7.285838599102589797e-17,-4.610391319376978998e-03,1.000000000000002220e+00,-1.610281595567687046e-02
5.000000000000000000e+00,7.550000000000000044e-01,-1.599473415417667493e-02,3.417727613530343461e-02,-3.417727613530341380e-02,2.904974524819969872e-11,-4.672344816115121813e-03,1.000000000849972537e+00,-1.599473415417667493e-02
5.000000000000000000e+00,7.600000000000000089e-01,-1.588601516899982441e-02,3.440463897328900622e-02,-3.440463897328882581e-02,-6.172399397152972256e-12,-4.734716731529376929e-03,1.000000000179406268e+00,-1.588601516899982441e-02
5.000000000000000000e+00,7.650000000000000133e-01,-1.577666045128956612e-02,3.463201969438061550e-02,-3.463201969438058081e-02,5.898059818321144121e-17,-4.797507152447856756e-03,1.000000000000001776e+00,-1.577666045128956612e-02
5.000000000000000000e+00,7.700000000000000178e-01,-1.566667145289596386e-02,3.485941849867677661e-02,-3.485941849867672804e-02,-7.348701508425037332e-12,-4.860716232263541901e-03,1.000000000210809814e+00,-1.566667145289596386e-02
5.000000000000000000e+00,7.750000000000000222e-01,-1.555604956489879329e-02,3.508683531959012891e-02,-3.508683531959018442e-02,5.545550130214849105e-12,-4.924344050976164899e-03,1.000000000158052016e+00,-1.555604956489879329e-02
5.000000000000000000e+00,7.800000000000000266e-01,-1.544479622669468061e-02,3.531427011742862415e-02,-3.531427011742861721e-02,4.510281037539698445e-17,-4.988390695706848565e-03,1.000000000000001110e+00,-1.544479622669468061e-02
5.000000000000000000e+00,7.850000000000000311e-01,-1.533291291311258617e-02,3.554172319606534874e-02,-3.554172319606525160e-02,-3.095814576914435179e-11,-5.052856350982890855e-03,1.000000000871036576e+00,-1.533291291311258617e-02
5.000000000000000000e+00,7.900000000000000355e-01,-1.522040105893087379e-02,3.576919445493382393e-02,-3.576919445493376148e-02,1.010547895363700377e-11,-5.117741087819456872e-03,1.000000000282518897e+00,-1.522040105893087379e-02
5.000000000000000000e+00,7.950000000000000400e-01,-1.510726206185806705e-02,3.599668385831818196e-02,-3.599668385831819584e-02,6.845472105831973408e-12,-5.183044995182821933e-03,1.000000000190169880e+00,-1.510726206185806705e-02
5.000000000000000000e+00,8.000000000000000444e-01,-1.499349744439160137e-02,3.622419157817279717e-02,-3.622419157817282492e-02,-7.992301265247192532e-12,-5.248768221968668282e-03,1.000000000220634844e+00,-1.499349744439160137e-02
5.000000000000000000e+00,8.050000000000000488e-01,-1.487910861957275621e-02,3.645171766696293086e-02,-3.645171766696281290e-02,4.105570050594309350e-13,-5.314910883487876554e-03,1.000000000011262991e+00,-1.487910861957275621e-02
5.000000000000000000e+00,8.100000000000000533e-01,-1.476409707692333956e-02,3.667926205832678505e-02,-3.667926205832675035e-02,2.875155669102014144e-11,-5.381473060573633248e-03,1.000000000783864307e+00,-1.476409707692333956e-02
5.000000000000000000e+00,8.150000000000000577e-01,-1.464846423709008361e-02,3.690682476123504502e-02,-3.690682476123505196e-02,-1.396691790001014510e-12,-5.448454855826051664e-03,1.000000000037843728e+00,-1.464846423709008361e-02
5.000000000000000000e+00,8.200000000000000622e-01,-1.453221159088033398e-02,3.713440606881338729e-02,-3.713440606881335954e-02,1.784761227696662900e-11,-5.515856456334089844e-03,1.000000000480621987e+00,-1.453221159088033398e-02
5.000000000000000000e+00,8.250000000000000666e-01,-1.441534059627175984e-02,3.736200582159384526e-02,-3.736200582159376893e-02,-5.432095745439013967e-12,-5.583677916051227492e-03,1.000000000145391255e+00,-1.441534059627175984e-02
5.000000000000000000e+00,8.300000000000000711e-01,-1.429785273136927569e-02,3.758962411558531419e-02,-3.758962411558535582e-02,5.551115123125782702e-17,-5.651919364603984197e-03,1.000000000000001554e+00,-1.429785273136927569e-02
5.000000000000000000e+00,8.349999999999999645e-01,-1.417974947844011235e-02,3.781726088576235767e-02,-3.781726088576241318e-02,2.534500387341154237e-13,-5.720580883607263162e-03,1.000000000006702416e+00,-1.417974947844011235e-02
5.000000000000000000e+00,8.399999999999999689e-01,-1.406103230897554415e-02,3.804491628803807757e-02,-3.804491628803811226e-02,-2.621516198564322053e-11,-5.789662621455310930e-03,1.000000000689058366e+00,-1.406103230897554415e-02
5.000000000000000000e+00,8.449999999999999734e-01,-1.394170270888436119e-02,3.827259038183895151e-02,-3.827259038183897927e-02,1.100548124854938692e-11,-5.859164698144134556e-03,1.000000000287555091e+00,-1.394170270888436119e-02
5.000000000000000000e+00,8.499999999999999778e-01,-1.382176212700590365e-02,3.850028303182239514e-02,-3.850028303182250616e-02,6.277596498183157792e-12,-5.929087174121759965e-03,1.000000000163053349e+00,-1.382176212700590365e-02
5.000000000000000000e+00,8.549999999999999822e-01,-1.370121210882076571e-02,3.872799448762641317e-02,-3.872799448762647562e-02,1.049285658361043261e-12,-5.999430228134506986e-03,1.000000000027093661e+00,-1.370121210882076571e-02
5.000000000000000000e+00,8.599999999999999867e-01,-1.358005409536195557e-02,3.895572469395108817e-02,-3.895572469395099102e-02,7.979727989493312634e-17,-6.070193945723611172e-03,1.000000000000002220e+00,-1.358005409536195557e-02
5.000000000000000000e+00,8.649999999999999911e-01,-1.345828958288461386e-02,3.918347366051908032e-02,-3.918347366051896929e-02,-9.809656559278678856e-12,-6.141378432418336669e-03,1.000000000250351739e+00,-1.345828958288461386e-02
5.000000000000000000e+00,8.699999999999999956e-01,-1.333592006551157297e-02,3.941124129251753067e-02,-3.941124129251753067e-02,-1.588928294493641147e-11,-6.212983760868155854e-03,1.000000000403166389e+00,-1.333592006551157297e-02
5.000000000000000000e+00,8.750000000000000000e-01,-1.321294706458826101e-02,3.963902788180682230e-02,-3.963902788180687087e-02,-1.249000902703301108e-16,-6.285010125658649881e-03,1.000000000000003331e+00,-1.321294706458826101e-02
5.000000000000000000e+00,8.800000000000000044e-01,-1.308937208808812376e-02,3.986683338990355818e-02,-3.986683338990358594e-02,1.319981277059234515e-11,-6.357457618153324920e-03,1.000000000331097594e+00,-1.308937208808812376e-02
5.000000000000000000e+00,8.850000000000000089e-01,-1.296519656795885531e-02,4.009465769287361148e-02,-4.009465769287363923e-02,2.635863749489431029e-12,-6.430326302034845148e-03,1.000000000065741190e+00,-1.296519656795885531e-02
5.000000000000000000e+00,8.900000000000000133e-01,-1.284042208234914204e-02,4.032250094644142940e-02,-4.032250094644161675e-02,-6.908917882242349151e-13,-6.503616330303140132e-03,1.000000000017133850e+00,-1.284042208234914204e-02
5.000000000000000000e+00,8.950000000000000178e-01,-1.271505008642505666e-02,4.055036311979782343e-02,-4.055036311979787200e-02,-2.002427043623633551e-11,-6.577327796589854843e-03,1.000000000493812546e+00,-1.271505008642505666e-02
5.000000000000000000e+00,9.000000000000000222e-01,-1.258908213610992165e-02,4.077824435653222557e-02,-4.077824435653236435e-02,1.013589212561782915e-11,-6.651460851204254315e-03,1.000000000248561394e+00,-1.258908213610992165e-02
5.000000000000000000e+00,9.050000000000000266e-01,-1.246251969126160181e-02,4.100614450286677731e-02,-4.100614450286682588e-02,-1.000299149067629401e-11,-6.726015547959980460e-03,1.000000000243938647e+00,-1.246251969126160181e-02
5.000000000000000000e+00,9.100000000000000311e-01,-1.233536428476359782e-02,4.123406370310560287e-02,-4.123406370310564450e-02,9.096449288259478294e-12,-6.800992037887096733e-03,1.000000000220605534e+00,-1.233536428476359782e-02
5.000000000000000000e+00,9.150000000000000355e-01,-1.220761745285162299e-02,4.146200199538377373e-02,-4.146200199538377373e-02,4.875311959695594055e-12,-6.876390437860833114e-03,1.000000000117585053e+00,-1.220761745285162299e-02
5.000000000000000000e+00,9.200000000000000400e-01,-1.207928064243823235e-02,4.168995929604540213e-02,-4.168995929604543682e-02,2.775585317138506980e-12,-6.952210824423701516e-03,1.000000000066577188e+00,-1.207928064243823235e-02
5.000000000000000000e+00,9.250000000000000444e-01,-1.195035545553143480e-02,4.191793570438052952e-02,-4.191793570438037686e-02,2.632834228410985133e-11,-7.028453334866268873e-03,1.000000000628092911e+00,-1.195035545553143480e-02
5.000000000000000000e+00,9.300000000000000488e-01,-1.182084336125678592e-02,4.214593131556006872e-02,-4.214593131556013117e-02,-1.406277871929262346e-12,-7.105118105823648132e-03,1.000000000033366643e+00,-1.182084336125678592e-02
5.000000000000000000e+00,9.350000000000000533e-01,-1.169074589729234004e-02,4.237394596920349837e-02,-4.237394596920354001e-02,-1.322181947260858692e-11,-7.182205188003923726e-03,1.000000000312027293e+00,-1.169074589729234004e-02
5.000000000000000000e+00,9.400000000000000577e-01,-1.156006457082002677e-02,4.260197973111157915e-02,-4.260197973111155834e-02,-3.246812541046750766e-13,-7.259714708040159066e-03,1.000000000007621459e+00,-1.156006457082002677e-02
5.000000000000000000e+00,9.450000000000000622e-01,-1.142880091918154623e-02,4.283003278667450731e-02,-4.283003278667449343e-02,3.275470172869887620e-12,-7.337646834030448623e-03,1.000000000076476159e+00,-1.142880091918154623e-02
5.000000000000000000e+00,9.500000000000000666e-01,-1.129695644721660439e-02,4.305810501548542474e-02,-4.305810501548544555e-02,1.284046133309679760e-11,-7.416001630098290574e-03,1.000000000298212566e+00,-1.129695644721660439e-02
5.000000000000000000e+00,9.550000000000000711e-01,-1.116453271531551994e-02,4.328619643059551658e-02,-4.328619643059550270e-02,1.012912323461456765e-11,-7.494779205712396794e-03,1.000000000234003483e+00,-1.116453271531551994e-02
5.000000000000000000e+00,9.599999999999999645e-01,-1.103153119317449443e-02,4.351430698681662407e-02,-4.351430698681670040e-02,-1.006254107815962584e-12,-7.573979650171700113e-03,1.000000000023124613e+00,-1.103153119317449443e-02
5.000000000000000000e+00,9.649999999999999689e-01,-1.089795350098875584e-02,4.374243693720929888e-02,-4.374243693720931969e-02,1.568476945545960177e-11,-7.653603156822938458e-03,1.000000000358571173e+00,-1.089795350098875584e-02
5.000000000000000000e+00,9.699999999999999734e-01,-1.076380109757345098e-02,4.397058608596434576e-02,-4.397058608596438045e-02,3.696831035737702109e-12,-7.733649762972816429e-03,1.000000000084075191e+00,-1.076380109757345098e-02
5.000000000000000000e+00,9.749999999999999778e-01,-1.062907551751097676e-02,4.419875445888359067e-02,-4.419875445888342413e-02,-2.319821418295120452e-12,-7.814119582866667704e-03,1.000000000052486016e+00,-1.062907551751097676e-02
5.000000000000000000e+00,9.799999999999999822e-01,-1.049377833971256758e-02,4.442694218655213190e-02,-4.442694218655195149e-02,-1.162465956827674063e-12,-7.895012768188918589e-03,1.000000000026166180e+00,-1.049377833971256758e-02
5.000000000000000000e+00,9.849999999999999867e-01,-1.035791105486439517e-02,4.465514922878479481e-02,-4.465514922878484338e-02,2.750334682222188576e-13,-7.976329410580174778e-03,1.000000000006159073e+00,-1.035791105486439517e-02
5.000000000000000000e+00,9.899999999999999911e-01,-1.022147517452621536e-02,4.488337549762805995e-02,-4.488337549762806689e-02,9.418122531856809587e-12,-8.058069584244317157e-03,1.000000000209835926e+00,-1.022147517452621536e-02
5.000000000000000000e+00,9.949999999999999956e-01,-1.008447228661799380e-02,4.511162105955999341e-02,-4.511162105955991708e-02,2.143004523835756459e-12,-8.140233418485317771e-03,1.000000000047504889e+00,-1.008447228661799380e-02
5.000000000000000000e+00,1.000000000000000000e+00,-9.946903913149856072e-03,4.533988606322633674e-02,-4.533988606322626042e-02,8.326672684688674053e-17,-8.222821072905355314e-03,1.000000000000001998e+00,-9.946903913149856072e-03
